NodeName,OAGName,Name,City,Lon,Lat,Country,CountryCode
AAE,Annaba Rabah Bitat,Les Salines Airport,Annaba,7.81,36.82,Algeria,DZ
AAL,Aalborg Denmark,Aalborg Airport,Aalborg,9.87,57.09,Denmark,DK
AAN,Al Ain U.A. Emirates,Al Ain Airport,Al Ain,55.62,24.26,United Arab Emirates,AE
AAR,Aarhus Denmark,Tirstrup Airport,Aarhus,10.63,56.31,Denmark,DK
AAT,Altay China,Altay Airport,Altay,89.5,43.93,China,CN
ABA,Abakan Russian Fed.,Abakan Airport,Abakan,91.5,53.72,Russian Federation,RU
ABC,Albacete Spain,Los Llanos Airport,Albacete,-1.86,38.95,Spain,ES
ABD,Abadan Iran,Abadan Airport,Abadan,48.23,30.36,"Iran, Islamic Republic of",IR
ABE,Allentown PA USA,Lehigh Valley International Airport,Allentown,-75.43,40.65,United States,US
ABI,Abilene TX USA,Abilene Municipal Airport,Abilene,-99.68,32.41,United States,US
ABJ,Abidjan Cote d'Ivoire,Felix Houphouet Boigny Airport,Abidjan,-3.93,5.25,Cote d'Ivoire,CI
ABQ,Albuquerque NM USA,Albuquerque International Airport,Albuquerque,-106.62,35.05,United States,US
ABV,Abuja Nigeria,Abuja International Airport,Abuja,7.27,9.0,Nigeria,NG
ABZ,Aberdeen Scotland UK,Dyce Airport,Aberdeen,-2.2,57.2,United Kingdom,GB
ACA,Acapulco Mexico,Alvarez International Airport,Acapulco,-99.75,16.76,Mexico,MX
ACC,Accra Ghana,Kotoka Airport,Accra,-0.17,5.61,Ghana,GH
ACE,Lanzarote Canary Is.,Lanzarote Airport,Lanzarote,-13.61,28.95,Spain,ES
ACT,Waco(Municipal) TX USA,Waco Municipal Airport,Waco,-97.22,31.61,United States,US
ACX,Xingyi China,Xingyi Airport,Xingyi,104.96,25.09,China,CN
ACZ,Zabol Iran,Zabol Airport,Zabol,61.54,31.09,"Iran, Islamic Republic of",IR
ADA,ADANA SAKIRPASA,Adana Airport,Adana,35.3,36.99,Turkey,TR
ADB,Izmir(Menderes) Turkey,Adnan Menderes Airport,Izmir,27.15,38.29,Turkey,TR
ADD,Addis Ababa Ethiopia,Bole Airport,Addis Ababa,38.8,8.98,Ethiopia,ET
ADE,Aden Yemen,Aden International Airport,Aden,45.04,12.83,Yemen,YE
ADF,Adiyaman Turkey,Adiyaman Airport,Adiyaman,38.27,37.75,Turkey,TR
ADJ,Amman Civil-Marka,Civil - Marka Airport,Amman,35.98,31.98,Jordan,JO
ADL,Adelaide SA Australia,Adelaide Airport,Adelaide,138.54,-34.94,Australia,AU
ADU,Ardabil Iran,Ardabil Airport,Ardabil,48.42,38.32,"Iran, Islamic Republic of",IR
AEB,Baise China,,Baise,106.62,23.9,China,CN
AEP,Buenos Aires(Newbery) BA Argentina,Jorge Newbery Airport,Buenos Aires,-58.42,-34.56,Argentina,AR
AFA,San Rafael MD Argentina,San Rafael Airport,San Rafael,-68.4,-34.59,Argentina,AR
AFZ,Sabzevar Iran,Sabzevar Airport,Sabzevar,57.6,36.17,"Iran, Islamic Republic of",IR
AGA,Agadir Morocco,Agadir Almassira Airport,Agadir,-9.56,30.38,Morocco,MA
AGF,Agen France,La Garenne Airport,Agen,0.6,44.17,France,FR
AGP,Malaga Spain,Malaga Airport,Malaga,-4.49,36.68,Spain,ES
AGR,Agra India,Kheria Airport,Agra,77.96,27.16,India,IN
AGT,Ciudad Del Este Paraguay,Alejo Garcia Airport,Ciudad del Este,-54.83,-25.5,Paraguay,PY
AGU,Aguascalientes Mexico,Aguascalients Airport,Aguascalientes,-102.31,21.7,Mexico,MX
AHB,Abha Saudi Arabia,Abha Airport,Abha,42.66,18.23,Saudi Arabia,SA
AHN,Athens GA USA,Athens Airport,Athens,-83.32,33.95,United States,US
AJI,Agri Turkey,Agri Airport,Agri,43.02,39.65,Turkey,TR
AJL,Aizawl India,Aizawl Airport,Aizawl,92.62,23.84,India,IN
AJN,Anjouan Comoros,Ouani Airport,Anjouan,44.43,-12.13,Comoros,KM
AJU,Aracaju SE Brazil,Aracaju Airport,Aracaju,-37.07,-10.99,Brazil,BR
AKJ,Asahikawa Japan,Asahikawa Airport,Asahikawa,142.45,43.67,Japan,JP
AKL,Auckland New Zealand,Auckland International Airport,Auckland,174.78,-37.0,New Zealand,NZ
AKR,Akure Nigeria,Akure Airport,Akure,5.08,7.25,Nigeria,NG
AKU,Aksu China,Aksu Airport,Aksu,80.29,41.26,China,CN
AKX,Aktyubinsk Kazakhstan,Aktyubinsk Airport,Aktyubinsk,57.21,50.25,Kazakhstan,KZ
AKY,Sittwe Myanmar,Civil Airport,Sittwe,92.88,20.13,Myanmar,MM
ALA,Almaty Kazakhstan,Almaty Airport,Almaty,77.01,43.35,Kazakhstan,KZ
ALC,Alicante Spain,Alicante Airport,Alicante,-0.56,38.29,Spain,ES
ALG,Algiers Algeria,Houari Boumediene Airport,Algiers,3.21,36.7,Algeria,DZ
ALP,Aleppo Syria,Aleppo International Airport,Aleppo,37.23,36.19,Syrian Arab Republic,SY
ALY,ALEXANDRIA(EL NOUZHA) EGYPT,El Nohza Airport,Alexandria,29.95,31.19,Egypt,EG
AMA,Amarillo TX USA,Amarillo International Airport,Amarillo,-101.71,35.22,United States,US
AMD,Ahmedabad India,Ahmedabad Airport,Ahmedabad,72.62,23.07,India,IN
AMI,Mataram Indonesia,Selaparang Airport,Mataram,116.1,-8.56,Indonesia,ID
AMM,Amman(Intl) Jordan,Queen Alia International Airport,Amman,35.99,31.72,Jordan,JO
AMQ,Ambon Indonesia,Pattimura Airport,Ambon,128.09,-3.7,Indonesia,ID
AMS,Amsterdam Netherlands,Amsterdam-Schiphol Airport,Amsterdam,4.76,52.31,Netherlands,NL
ANC,Anchorage(Intl) AK USA,Anchorage International Airport,Anchorage,-149.99,61.17,United States,US
ANF,Antofagasta Chile,Cerro Moreno Airport,Antofagasta,-70.44,-23.45,Chile,CL
ANR,Antwerp International Belgium,Deurne Airport,Antwerp,4.45,51.19,Belgium,BE
AOE,Eskisehir Anadolu,Anadolu University Airport,Eskisehir,30.52,39.81,Turkey,TR
AOI,Ancona Italy,Falconara Airport,Ancona,13.36,43.61,Italy,IT
AOJ,Aomori Japan,Aomori Airport,Aomori,140.69,40.74,Japan,JP
AOR,Alor Setar Malaysia,Alor Setar Airport,Alor Setar,100.41,6.2,Malaysia,MY
APL,Nampula Mozambique,Nampula Airport,Nampula,39.29,-15.1,Mozambique,MZ
APO,Apartado Colombia,Apartado Airport,Apartado,-76.72,7.82,Colombia,CO
AQG,Anqing China,Anqing Airport,Anqing,117.03,30.52,China,CN
AQP,Arequipa Peru,Rodriguez Ballon Airport,Arequipa,-71.57,-16.34,Peru,PE
ARD,Alor Indonesia,Alor Island Airport,Alor Island,124.53,-8.68,Indonesia,ID
ARH,Arkhangelsk Talagi,Arkhangelsk Airport,Arkhangelsk,40.71,64.59,Russian Federation,RU
ARI,Arica Chile,Chacalluta Airport,Arica,-70.34,-18.35,Chile,CL
ARK,Arusha Tanzania,Arusha Airport,Arusha,36.68,-3.37,"Tanzania, United Republic of",TZ
ARN,Stockholm(Arlanda) Sweden,Arlanda Airport,Stockholm,17.93,59.65,Sweden,SE
ASB,Ashgabat Turkmenistan,Ashgabat Airport,Ashgabat,58.37,37.98,Turkmenistan,TM
ASF,Astrakhan Russian Fed.,Astrakhan Airport,Astrakhan,48.0,46.29,Russian Federation,RU
ASM,Asmara Eritrea,Asmara International Airport,Asmara,38.91,15.29,Eritrea,ER
ASR,Kayseri Erkilet,Kayseri Airport,Kayseri,35.49,38.77,Turkey,TR
ASU,Asuncion Paraguay,Silvio Pettirossi Airport,Asuncion,-57.51,-25.24,Paraguay,PY
ASW,Aswan Egypt,Aswan Airport,Aswan,32.82,23.97,Egypt,EG
ATH,Athens (Intl) Greece,Eleftherios Venizelos International Airport,Athens,23.95,37.94,Greece,GR
ATL,Atlanta(Intl) GA USA,Hartsfield-Jackson Atlanta International Airport,Atlanta,-84.44,33.64,United States,US
ATQ,Amritsar India,Raja Sansi Airport,Amritsar,74.81,31.71,India,IN
ATZ,Assiut Egypt,Assiut Airport,Assiut,31.0,27.03,Egypt,EG
AUA,Aruba,Reina Beatrix Airport,Aruba,-70.01,12.5,Aruba,AW
AUH,Abu Dhabi(Intl) U.A. Emirates,Abu Dhabi International Airport,Abu Dhabi,54.65,24.43,United Arab Emirates,AE
AUS,Austin(Bergstrom Intl) TX USA,Austin-Bergstrom International Airport,Austin,-97.67,30.2,United States,US
AUX,Araguaina TO Brazil,Araguaina Airport,Araguaina,-48.2,-7.2,Brazil,BR
AWZ,Ahwaz Iran,Ahwaz Airport,Ahwaz,48.75,31.34,"Iran, Islamic Republic of",IR
AXT,Akita Japan,Akita Airport,Akita,140.22,39.61,Japan,JP
AYP,Ayacucho Peru,Yanamilla Airport,Ayacucho,-74.25,-13.2,Peru,PE
AYT,Antalya Turkey,Antalya Airport,Antalya,30.8,36.9,Turkey,TR
AZA,Phoenix (William Gateway) AZ USA,Phoenix-Mesa Gateway Airport,Mesa,-111.66,33.31,United States,US
AZD,Yazd Shahid Sadooghi Iran,Yazd Airport,Yazd,54.28,31.9,"Iran, Islamic Republic of",IR
AZN,Andizhan Uzbekistan,Andizhan Airport,Andizhan,72.3,40.73,Uzbekistan,UZ
BAL,Batman Turkey,Batman Airport,Batman,41.08,37.92,Turkey,TR
BAQ,Barranquilla Colombia,E Cortissoz Airport,Barranquilla,-74.78,10.89,Colombia,CO
BAS,Balalae Solomon Is.,Balalae Airport,Balalae,155.88,-6.98,Solomon Islands,SB
BAV,Baotou China,Baotou Airport,Baotou,110.0,40.56,China,CN
BAX,Barnaul Russian Fed.,Barnaul Airport,Barnaul,83.55,53.36,Russian Federation,RU
BAY,Baia Mare Romania,Baia Mare Airport,Baia Mare,23.47,47.65,Romania,RO
BBI,Bhubaneswar India,Bhubaneswar Airport,Bhubaneswar,85.82,20.25,India,IN
BBO,Berbera Somalia,Berbera Airport,Berbera,45.01,10.42,Somalia,SO
BBU,Bucharest(Baneasa) Romania,Baneasa Airport,Bucharest,26.08,44.5,Romania,RO
BCD,Bacolod Philippines,Bacolod Airport,Bacolod,122.93,10.64,Philippines,PH
BCM,Bacau Romania,Bacau Airport,Bacau,26.88,46.6,Romania,RO
BCN,Barcelona Spain,Barcelona Airport,Barcelona,2.08,41.3,Spain,ES
BDH,Bandar Lengeh Iran,Bandar Lengeh Airport,Bandar Lengeh,54.83,26.53,"Iran, Islamic Republic of",IR
BDJ,Banjarmasin Indonesia,Sjamsudin Noor Airport,Banjarmasin,114.75,-3.44,Indonesia,ID
BDL,Hartford(Bradley Intl) CT USA,Bradley International Airport,Hartford,-72.68,41.93,United States,US
BDO,Bandung Indonesia,Husein Sastranegara Airport,Bandung,107.58,-6.9,Indonesia,ID
BDQ,Vadodara India,Vadodara Airport,Vadodara,73.22,22.33,India,IN
BEG,Belgrade Nikola Tesla,Belgrad Nikola Tesla Airport,Belgrade,20.31,44.82,Serbia,RS
BEL,Belem PA Brazil,Val De Cans Airport,Belem,-48.48,-1.39,Brazil,BR
BEN,Benghazi Libya,Benina International Airport,Benghazi,20.26,32.09,Libyan Arab Jamahiriya,LY
BES,Brest France,Guipavas Airport,Brest,-4.42,48.45,France,FR
BEW,Beira Mozambique,Beira Airport,Beira,34.9,-19.8,Mozambique,MZ
BEY,Beirut Rafic Hariri Intl Lebanon,Beirut International Airport,Beirut,35.49,33.83,Lebanon,LB
BFI,Seattle (Boeing Field) WA USA,Boeing Field International Airport,Seattle,-122.3,47.54,United States,US
BFL,Bakersfield CA USA,Meadows Field,Bakersfield,-119.05,35.43,United States,US
BFN,Bloemfontein(Intl) South Africa,Bloemfontein International Airport,Bloemfontein,26.3,-29.1,South Africa,ZA
BFS,Belfast(Intl) N.Ireland UK,Belfast International Airport,Belfast,-6.22,54.66,United Kingdom,GB
BGA,Bucaramanga Colombia,Palo Negro Airport,Bucaramanga,-73.18,7.13,Colombia,CO
BGF,Bangui Central African Rep.,Bangui Airport,Bangui,18.52,4.4,Central African Republic,CF
BGO,Bergen Norway,Flesland Airport,Bergen,5.23,60.29,Norway,NO
BGW,Baghdad Iraq,Al Muthana Airport,Baghdad,44.23,33.26,Iraq,IQ
BGY,Milan (Bergamo/Orio Al Serio) Italy,Orio Al Serio Airport,Milan,9.7,45.67,Italy,IT
BHD,Belfast(City) N.Ireland UK,Belfast City Airport,Belfast,-5.87,54.61,United Kingdom,GB
BHI,Bahia Blanca BA Argentina,Comandante Airport,Bahia Blanca,-62.15,-38.73,Argentina,AR
BHJ,Bhuj India,Rudra Mata Airport,Bhuj,69.67,23.29,India,IN
BHK,Bukhara Uzbekistan,Bukhara Airport,Bukhara,64.47,39.76,Uzbekistan,UZ
BHM,Birmingham AL USA,Birmingham Airport,Birmingham,-86.75,33.56,United States,US
BHO,Bhopal India,Bhopal Airport,Bhopal,77.34,23.28,India,IN
BHR,Bharatpur Nepal,Bharatpur Airport,Bharatpur,84.43,27.68,Nepal,NP
BHU,Bhavnagar India,Bhavnagar Airport,Bhavnagar,72.18,21.75,India,IN
BHV,Bahawalpur Pakistan,Bahawalpur Airport,Bahawalpur,71.68,29.4,Pakistan,PK
BHX,Birmingham England UK,Birmingham International Airport,Birmingham,-1.73,52.45,United Kingdom,GB
BHY,Beihai China,Beihai Airport,Beihai,109.29,21.54,China,CN
BIL,Billings MT USA,Billings Airport,Billings,-108.54,45.8,United States,US
BIO,Bilbao Spain,Bilbao Airport,Bilbao,-2.91,43.31,Spain,ES
BIR,Biratnagar Nepal,Biratnagar Airport,Biratnagar,87.28,26.43,Nepal,NP
BJA,Bejaia Soummam-Abane Ramdane,Bejaia Airport,Bejaia,5.08,36.75,Algeria,DZ
BJM,Bujumbura Burundi,Bujumbura International Airport,Bujumbura,29.37,-3.38,Burundi,BI
BJZ,Badajoz Spain,Talaveral La Real Airport,Badajoz,-6.82,38.89,Spain,ES
BKI,Kota Kinabalu Sabah Malaysia,Kota Kinabalu Airport,Kota Kinabalu,116.05,5.92,Malaysia,MY
BKK,Bangkok (Intl) Thailand,Suvarnabhumi Airport,Bangkok,100.75,13.69,Thailand,TH
BKO,Bamako Mali,Bamako Airport,Bamako,-7.95,12.54,Mali,ML
BKS,Bengkulu Indonesia,Padangkemiling Airport,Bengkulu,102.34,-3.87,Indonesia,ID
BLA,Barcelona Venezuela,Gen J A Anzoategui Airport,Barcelona,-64.69,10.11,Venezuela,VE
BLJ,Batna Mostepha Ben Boulaid,Batna Airport,Batna,6.18,35.57,Algeria,DZ
BLK,Blackpool England UK,Blackpool Airport,Blackpool,-3.04,53.78,United Kingdom,GB
BLQ,Bologna Italy,Guglielmo Marconi Airport,Bologna,11.29,44.53,Italy,IT
BLR,Bengaluru International,Bengaluru International Airport,Bangalore,77.71,13.2,India,IN
BLZ,Blantyre Malawi,Chileka Airport,Blantyre,34.97,-15.67,Malawi,MW
BMA,Stockholm(Bromma) Sweden,Bromma Airport,Stockholm,17.95,59.36,Sweden,SE
BMV,Ban Me Thuot Vietnam,Phung-Duc Airport,Banmethuot,108.05,12.67,Vietnam,VN
BNA,Nashvill(Intl) TN USA,Nashville Metropolitan Airport,Nashville,-86.67,36.13,United States,US
BND,Bandar Abbas International Iran,Bandar Abbas Airport,Bandar Abbas,56.37,27.21,"Iran, Islamic Republic of",IR
BNE,Brisbane QL Australia,Brisbane International Airport,Brisbane,153.11,-27.4,Australia,AU
BNI,Benin City Nigeria,Benin City Airport,Benin City,5.6,6.32,Nigeria,NG
BNS,Barinas Venezuela,Barinas Airport,Barinas,-70.22,8.62,Venezuela,VE
BNX,Banja Luka International,Banja Luka Airport,Banja Luka,17.3,44.93,Bosnia and Herzegovina,BA
BOD,Bordeaux France,Bordeaux Airport,Bordeaux,-0.7,44.83,France,FR
BOG,Bogota Colombia,Eldorado Airport,Bogota,-74.14,4.7,Colombia,CO
BOH,Bournemouth England UK,Bournemouth Airport,Bournemouth,-1.83,50.78,United Kingdom,GB
BOI,Boise ID USA,Boise Air Terminal (Gowen Field),Boise,-116.22,43.57,United States,US
BOJ,Burgas Bulgaria,Bourgas Airport,Bourgas,27.28,42.42,Bulgaria,BG
BOM,Mumbai India,Chhatrapati Shivaji International Airport,Mumbai,72.87,19.1,India,IN
BOS,Boston(Intl) MA USA,Logan International Airport,Boston,-71.02,42.37,United States,US
BOY,Bobo Dioulasso Burkina Faso,Borgo Airport,Bobo Dioulasso,-4.32,11.16,Burkina Faso,BF
BPM,Hyderabad (Begumpet) India,,Hyderabad ,78.47,17.45,India,IN
BPN,Balikpapan Indonesia,Sepingan Airport,Balikpapan,116.9,-1.26,Indonesia,ID
BPT,Beaumont/Pt. Arthur TX USA,Jefferson County Airport,Beaumont,-94.02,29.95,United States,US
BQS,Blagoveschensk Ignatyevo,Blagoveschensk Airport,Blagoveschensk,127.4,50.42,China,CN
BRA,Barreiras BA Brazil,Barreiras Airport,Barreiras,-45.01,-12.07,Brazil,BR
BRE,Bremen Germany,Bremen Airport,Bremen,8.79,53.05,Germany,DE
BRI,Bari Italy,Palese Airport,Bari,16.76,41.13,Italy,IT
BRM,Barquisimeto Venezuela,Barquisimeto Airport,Barquisimeto,-69.36,10.05,Venezuela,VE
BRN,Berne Switzerland,Belp Airport,Berne,7.5,46.91,Switzerland,CH
BRO,Brownsville TX USA,South Padre Island International Airport,Brownsville,-97.42,25.91,United States,US
BRQ,Brno Czech Rep.,Turany Airport,Brno,16.7,49.15,Czech Republic,CZ
BRS,Bristol (Intl) England UK,Bristol Airport,Bristol,-2.71,51.39,United Kingdom,GB
BRU,Brussels Belgium,Brussels Airport,Brussels,4.48,50.9,Belgium,BE
BSA,Bossaso Somalia,Bossaso Airport,Bossaso,49.15,11.28,Somalia,SO
BSD,Baoshan China,Baoshan Airport,Baoshan,99.16,25.06,China,CN
BSK,Biskra Mohamed Khider,Biskra Airport,Biskra,5.74,34.79,Algeria,DZ
BSR,Basrah Iraq,Basra International Airport,Basra,47.79,30.56,Iraq,IQ
BSX,Bassein Myanmar,Bassein Airport,Bassein,94.78,16.8,Myanmar,MM
BTH,Batam(Hang Nadim) Indonesia,Hang Nadim Airport,Batam,104.12,1.12,Indonesia,ID
BTJ,Banda Aceh Indonesia,Blang Bintang Airport,Banda Aceh,95.42,5.52,Indonesia,ID
BTK,Bratsk Russian Fed.,Bratsk Airport,Bratsk,101.82,56.37,Russian Federation,RU
BTR,Baton Rouge LA USA,Ryan Airport,Baton Rouge,-91.16,30.53,United States,US
BTS,Bratislava Slovakia,Ivanka Airport,Bratislava,17.2,48.17,Slovakia,SK
BTU,Bintulu Sarawak Malaysia,Bintulu Airport,Bintulu,113.04,3.17,Malaysia,MY
BUD,Budapest Hungary,Ferihegy Airport,Budapest,19.26,47.43,Hungary,HU
BUF,Buffalo(Intl) NY USA,Buffalo Niagara International Airport,Buffalo,-78.73,42.93,Canada,CA
BUN,Buenaventura Colombia,Buenaventura Airport,Buenaventura,-77.0,3.83,Colombia,CO
BUQ,Bulawayo Zimbabwe,Bulawayo Airport,Bulawayo,28.62,-20.01,Zimbabwe,ZW
BUR,Burbank CA USA,Bob Hope Airport,Burbank,-118.35,34.2,United States,US
BUS,Batumi Georgia,Batumi Airport,Batumi,41.6,41.61,Georgia,GE
BUZ,Bushehr Iran,Bushehr Airport,Bushehr,50.83,28.96,"Iran, Islamic Republic of",IR
BVA,Paris(Beauvais-Tille) France,Beauvais-Tille Airport,Paris,2.11,49.46,France,FR
BVB,Boa Vista RR Brazil,Boa Vista Airport,Boa Vista,-60.67,2.83,Brazil,BR
BVE,Brive-La-Gaillarde France,Laroche Airport,Brive-La-Gaillarde,1.53,45.17,France,FR
BWI,Baltimore(Intl) MD USA,Balt./Wash. International Airport,Baltimore,-76.67,39.18,United States,US
BYM,Bayamo Cuba,C.M. de Cespedes Airport,Bayamo,-76.65,20.38,Cuba,CU
BZG,Bydgoszcz Poland,Bydgoszcz Airport,Bydgoszcz,17.98,53.1,Poland,PL
BZV,Brazzaville Congo,Maya Maya Airport,Brazzaville,15.25,-4.26,Congo,CG
CAC,Cascavel PR Brazil,Cascavel Airport,Cascavel,-53.47,-24.95,Brazil,BR
CAE,Columbia SC USA,Columbia Metropolitan Airport,Columbia,-81.13,33.95,United States,US
CAG,Cagliari Italy,Elmas Airport,Cagliari,9.06,39.25,Italy,IT
CAH,Ca Mau Vietnam,Ca Mau Airport,Ca Mau,105.18,9.18,Vietnam,VN
CAI,Cairo Egypt,Cairo International Airport,Cairo,31.41,30.12,Egypt,EG
CAK,Akron/Canton OH USA,Akron/Canton Regional Airport,Akron/Canton,-81.44,40.91,United States,US
CAN,Guangzhou China,Baiyun Airport,Guangzhou,113.3,23.39,China,CN
CAP,Cap Haitien Haiti,Cap Haitien Airport,Cap Haitien,-72.19,19.73,Haiti,HT
CBB,Cochabamba Bolivia,J Wilsterman Airport,Cochabamba,-66.18,-17.41,Bolivia,BO
CBH,Bechar Boudghene B. Ali Lotfi,Leger Airport,Bechar,-2.26,31.65,Algeria,DZ
CBO,Cotabato Philippines,Awang Airport,Cotabato,124.21,7.16,Philippines,PH
CBQ,Calabar Nigeria,Calabar Airport,Calabar,8.35,4.97,Nigeria,NG
CBR,Canberra AC Australia,Canberra Airport,Canberra,149.19,-35.31,Australia,AU
CCJ,Kozhikode India,Calicut Airport,Kozhikode,75.95,11.14,India,IN
CCM,Crisciuma SC Brazil,Criciuma Airport,Criciuma,-49.37,-28.7,Brazil,BR
CCP,Concepcion Chile,Carriel Sur Airport,Concepcion,-73.06,-36.78,Chile,CL
CCS,Caracas Venezuela,Simon Bolivar Airport,Caracas,-67.01,10.6,Venezuela,VE
CCU,Kolkata India,Netaji Subhas Chandra Bose Airport,Kolkata,88.44,22.65,India,IN
CDG,Paris(Charles De Gaulle) France,Charles De Gaulle Airport,Paris,2.57,49.0,France,FR
CEB,Cebu Philippines,Mactan International Airport,Cebu,123.98,10.32,Philippines,PH
CEE,Cherepovets Russian Fed.,Cherepovets Airport,Cherepovets,38.07,59.28,Russian Federation,RU
CEK,Chelyabinsk Balandino,Chelyabinsk Airport,Chelyabinsk,61.51,55.3,Russian Federation,RU
CEN,Ciudad Obregon Mexico,Ciudad Obregon Airport,Ciudad Obregon,-109.84,27.39,Mexico,MX
CFB,Cabo Frio RJ Brazil,Cabo Frio Airport,Cabo Frio,-42.08,-22.93,Brazil,BR
CFE,Clermont-Ferrand France,Aulnat Airport,Clermont-Ferrand,3.16,45.78,France,FR
CFG,Cienfuegos Cuba,Cienfuegos Airport,Cienfuegos,-80.41,22.15,Cuba,CU
CFK,Chlef Aboubakr Belkaid,Chlef Airport,Chlef,1.33,36.21,Algeria,DZ
CFR,Caen France,Carpiquet Airport,Caen,-0.46,49.18,France,FR
CGB,Cuiaba MT Brazil,M. Rondon Airport,Cuiaba,-56.12,-15.65,Brazil,BR
CGD,Changde China,Changde Airport,Changde,111.64,28.92,China,CN
CGH,Sao Paulo(Congonhas) SP Brazil,Congonhas Airport,Sao Paulo,-46.66,-23.63,Brazil,BR
CGK,Jakarta(Intl) Indonesia,Soekarno-Hatta International Airport,Jakarta,106.66,-6.13,Indonesia,ID
CGN,Cologne/Bonn(Intl) Germany,Koeln/Bonn Airport,Cologne,7.12,50.88,Germany,DE
CGO,Zhengzhou China,Zhengzhou Airport,Zhengzhou,113.84,34.53,China,CN
CGP,Chittagong Bangladesh,Patenga Airport,Chittagong,91.82,22.25,Bangladesh,BD
CGQ,Changchun China,Changchun Airport,Changchun,125.22,43.9,China,CN
CGR,Campo Grande MS Brazil,Campo Grande Internacional Airport,Campo Grande,-54.67,-20.46,Brazil,BR
CGY,Cagayan De Oro Philippines,Lumbia Airport,Cagayan De Oro,124.61,8.41,Philippines,PH
CHA,Chattanooga TN USA,Lovell Field,Chattanooga,-85.2,35.04,United States,US
CHC,Christchurch New Zealand,Christchurch International Airport,Christchurch,172.54,-43.49,New Zealand,NZ
CHG,Chaoyang China,Chaoyang Airport,Chaoyang,120.44,41.55,China,CN
CHM,Chimbote Peru,Chimbote Airport,Chimbote,-78.53,-9.15,Peru,PE
CIA,Rome(Ciampino) Italy,Ciampino Airport,Rome,12.59,41.8,Italy,IT
CID,Cedar Rapids/Iowa City IA USA,Cedar Rapids Airport,Cedar Rapids,-91.7,41.89,United States,US
CIF,Chifeng China,Chifeng Airport,Chifeng,118.91,42.24,China,CN
CIH,Changzhi China,Changzhi Airport,Changzhi,113.12,36.25,China,CN
CIT,Shimkent Kazakhstan,Shimkent Airport,Shimkent,69.6,42.3,Kazakhstan,KZ
CIX,Chiclayo Peru,Cornel Ruiz Airport,Chiclayo,-79.83,-6.79,Peru,PE
CJA,Cajamarca Peru,Cajamarca Airport,Cajamarca,-78.5,-7.13,Peru,PE
CJB,Coimbatore India,Peelamedu Airport,Coimbatore,77.04,11.03,India,IN
CJC,Calama Chile,El Loa Airport,Calama,-68.91,-22.5,Chile,CL
CJJ,Cheongju Rep. of Korea,Cheongju Airport,Cheongju,127.5,36.72,"Korea, Republic of",KR
CJS,Ciudad Juarez Mexico,Abraham Gonzalez International Airport,Ciudad Juarez,-106.44,31.64,Mexico,MX
CJU,Jeju (Intl) Rep. of Korea,Jeju Airport,Jeju,126.49,33.51,"Korea, Republic of",KR
CKG,Chongqing China,Chongqing Airport,Chongqing,106.63,29.72,China,CN
CKY,Conakry Guinea,Conakry Airport,Conakry,-13.62,9.58,Guinea,GN
CLD,SAN DIEGO MCCLELLAN-PALOMAR,Carlsbad Airport,San Diego,-117.27,33.12,United States,US
CLE,Cleveland(Intl) OH USA,Hopkins International Airport,Cleveland,-81.84,41.41,United States,US
CLJ,Cluj Romania,Napoca Airport,Cluj,23.69,46.78,Romania,RO
CLO,Cali Colombia,Alfonso B. Aragon Airport,Cali,-76.38,3.54,Colombia,CO
CLQ,Colima Mexico,Colima Airport,Colima,-103.65,19.3,Mexico,MX
CLT,Charlotte NC USA,Douglas Airport,Charlotte,-80.94,35.22,United States,US
CMB,Colombo(Bandaranaike) Sri Lanka,Bandaranayake International Airport,Colombo,79.89,7.17,Sri Lanka,LK
CME,Ciudad Del Carmen Mexico,Ciudad Del Carmen Airport,Ciudad Del Carmen,-91.8,18.65,Mexico,MX
CMN,Casablanca(Mohammed V.) Morocco,Mohamed V Airport,Casablanca,-7.59,33.37,Morocco,MA
CMW,Camaguey Cuba,Ign Agramonte International Airport,Camaguey,-77.85,21.42,Cuba,CU
CND,Constanta Mihail Kogalniceanu,Kogalniceanu Airport,Constanta,28.48,44.35,Romania,RO
CNF,Belo Horizonte (Tancredo Neves) Brazil,Tancredo Neves International Airport,Belo Horizonte,-43.96,-19.63,Brazil,BR
CNQ,Corrientes CR Argentina,Camba Punta Airport,Corrientes,-58.76,-27.45,Argentina,AR
CNS,Cairns QL Australia,Cairns Airport,Cairns,145.75,-16.88,Australia,AU
CNX,Chiang Mai Thailand,Chiang Mai International Airport,Chiang Mai,98.97,18.77,Thailand,TH
COK,Kochi India,Kochi Airport,Kochi,76.39,10.16,India,IN
COO,Cotonou Benin,Cotonou Airport,Cotonou,2.39,6.35,Benin,BJ
COR,Cordoba CD Argentina,Pajas Blancas Airport,Cordoba,-64.21,-31.32,Argentina,AR
COS,Colorado Springs CO USA,Colorado Springs Airport,Colorado Springs,-104.7,38.8,United States,US
COU,Columbia MO USA,Columbia Regional Airport,Columbia,-92.22,38.81,United States,US
CPE,Campeche Mexico,Campeche International Airport,Campeche,-90.51,19.84,Mexico,MX
CPH,Copenhagen (Kastrup) Denmark,Copenhagen Airport,Copenhagen,12.65,55.63,Denmark,DK
CPO,Copiapo Chile,Chamonate Airport,Copiapo,-70.41,-27.3,Chile,CL
CPQ,Campinas SP Brazil,Amarais Airport,Campinas,-47.11,-22.86,Brazil,BR
CPT,Cape Town(Intl) South Africa,Cape Town International Airport,Cape Town,18.6,-33.97,South Africa,ZA
CPV,Campina Grande PB Brazil,Joao Suassuna Airport,Campina Grande,-35.9,-7.27,Brazil,BR
CRA,Craiova Romania,Craiova Airport,Craiova,23.89,44.32,Romania,RO
CRC,Cartago Colombia,Cartago Airport,Cartago,-75.93,4.77,Colombia,CO
CRD,Comodoro Rivadavia CB Argentina,Comodoro Rivadavia Airport,Comodoro Rivadavia,-67.46,-45.79,Argentina,AR
CRL,Brussels(Charleroi) Belgium,Charleroi Brussels South Airport,Brussels,4.45,50.46,Belgium,BE
CRP,Corpus Christi TX USA,Corpus Christi International Airport,Corpus Christi,-97.5,27.77,United States,US
CSX,Changsha China,Changsha Airport,Changsha,113.21,28.19,China,CN
CSY,Cheboksary Russian Fed.,Cheboksary Airport,Cheboksary,47.27,56.13,Russian Federation,RU
CTA,Catania Italy,Fontanarossa Airport,Catania,15.07,37.47,Italy,IT
CTC,Catamarca CA Argentina,Catamarca Airport,Catamarca,-65.78,-28.45,Argentina,AR
CTG,Cartagena Colombia,Rafael Nunez Airport,Cartagena,-75.52,10.45,Colombia,CO
CTM,Chetumal Mexico,Chetumal Airport,Chetumal,-88.33,18.48,Mexico,MX
CTS,Sapporo(Chitose) Japan,Chitose Airport,Sapporo,141.68,42.79,Japan,JP
CTU,Chengdu China,Chengdu Airport,Chengdu,103.96,30.58,China,CN
CUC,Cucuta Colombia,Camilo Dazo Airport,Cucuta,-72.51,7.93,Colombia,CO
CUE,Cuenca Ecuador,Cuenca Airport,Cuenca,-78.99,-2.89,Ecuador,EC
CUL,Culiacan Mexico,Fedl De Bachigualato Airport,Culiacan,-107.47,24.77,Mexico,MX
CUN,Cancun Mexico,Cancun Airport,Cancun,-86.87,21.04,Mexico,MX
CUU,Chihuahua Mexico,Gen Fierro Villalobos Airport,Chihuahua,-105.97,28.7,Mexico,MX
CUZ,Cuzco Peru,Velazco Astete Airport,Cuzco,-71.94,-13.54,Peru,PE
CVG,Cincinnati(Intl) OH USA,Cincinnati/Northern Kentucky Airport,Cincinnati,-84.66,39.06,United States,US
CVM,Ciudad Victoria Mexico,Ciudad Victoria Airport,Ciudad Victoria,-98.97,23.71,Mexico,MX
CWB,Curitiba PR Brazil,Afonso Pena Airport,Curitiba,-49.24,-25.4,Brazil,BR
CWC,Chernivtsi International,Chernovtsy Airport,Chernovtsy,25.97,48.27,Ukraine,UA
CWL,Cardiff Wales UK,Cardiff-Wales Airport,Cardiff,-3.34,51.4,United Kingdom,GB
CXB,Cox's Bazar Bangladesh,Coxs Bazar Airport,Coxs Bazar,91.97,21.45,Bangladesh,BD
CXH,Vancouver(Coal Hbr) BC Canada,Coal Harbour Sea Plane Base,Vancouver,-123.12,49.27,Canada,CA
CXJ,Caxias Do Sul RS Brazil,Campo Dos Bugres Airport,Caxias Do Sul,-51.18,-29.17,Brazil,BR
CXR,Cam Ranh Vietnam,Cam Rahn Airport,Nha Trang,109.22,11.99,Vietnam,VN
CYI,Chiayi Chinese Taipei,Chiayi Airport,Chiayi,120.38,23.47,Taiwan,TW
CZL,Constantine Mohamed Boudiaf,Ain El Bey Airport,Constantine,6.62,36.29,Algeria,DZ
CZX,Changzhou China,Changzhou Airport,Changzhou,119.78,31.91,China,CN
DAC,Dhaka Hazrat Shahjalal Intl,Zia International Airport,Dhaka,90.41,23.85,Bangladesh,BD
DAD,Da Nang Vietnam,Da Nang Airport,Da Nang,108.2,16.06,Vietnam,VN
DAL,Dallas/Ft. Worth(Love Fld) TX USA,Love Field,Dallas,-96.85,32.84,United States,US
DAM,Damascus Syria,Damascus International Airport,Damascus,36.51,33.41,Syrian Arab Republic,SY
DAR,Dar Es Salaam Tanzania,Dar Es Salaam International Airport,Dar Es Salaam,39.2,-6.87,"Tanzania, United Republic of",TZ
DAT,Datong China,Datong Airport,Datong,113.48,40.06,China,CN
DAX,Daxian China,Daxian Airport,Daxian,107.43,31.14,China,CN
DAY,Dayton(Intl) OH USA,James Cox Dayton International Airport,Dayton,-84.22,39.9,United States,US
DCA,Washington (Reagan Nat'l) DC USA,Ronald Reagan National Airport,Washington,-77.04,38.85,United States,US
DDG,Dandong China,Dandong Airport,Dandong,124.28,40.03,China,CN
DEA,Dera Ghazi Khan Pakistan,Dera Ghazi Khan Airport,Dera Ghazi Khan,70.49,29.96,Pakistan,PK
DED,Dehradun India,Dehra Dun Airport,Dehra Dun,78.03,30.32,India,IN
DEL,Delhi India,Indira Gandhi International Airport,Delhi,77.1,28.56,India,IN
DEN,Denver(Intl) CO USA,Denver International Airport,Denver,-104.67,39.85,United States,US
DEZ,Deir ez Zor Syria,Al Jafrah Airport,Deirezzor,40.19,35.29,Syrian Arab Republic,SY
DFW,Dallas/Ft. Worth(Intl) TX USA,Dallas/Ft. Worth International Airport,Dallas,-97.04,32.9,United States,US
DGO,Durango Mexico,Guadalupe Victoria Airport,Durango,-104.53,24.13,Mexico,MX
DGT,Dumaguete Philippines,Dumaguete Airport,Dumaguete,123.3,9.33,Philippines,PH
DIB,Dibrugarh India,Chabua Airport,Dibrugarh,95.02,27.48,India,IN
DIJ,Dijon France,Dijon Airport,Dijon,5.09,47.27,France,FR
DIL,Dili East Timor,Comoro Airport,Dili,125.53,-8.55,Timor-Leste,TL
DIR,Dire Dawa Ethiopia,Aba Tenna D Yilma Airport,Dire Dawa,41.86,9.61,Ethiopia,ET
DIY,Diyarbakir Turkey,Diyarbakir Airport,Diyarbakir,40.2,37.9,Turkey,TR
DJB,Jambi Indonesia,Sultan Taha Syarifudn Airport,Jambi,103.64,-1.63,Indonesia,ID
DJJ,Jayapura Indonesia,Sentani Airport,Jayapura,140.51,-2.57,Indonesia,ID
DKR,Dakar Senegal,Yoff Airport,Dakar,-17.49,14.74,Senegal,SN
DLA,Douala Cameroon,Douala Airport,Douala,9.72,4.01,Cameroon,CM
DLC,Dalian China,Dalian Airport,Dalian,121.54,38.96,China,CN
DLH,Duluth MN USA,Duluth International Airport,Duluth,-92.18,46.84,United States,US
DLI,Dalat Vietnam,Lienkhang Airport,Dalat,108.38,11.75,Vietnam,VN
DLU,Dali City China,Dali Airport,Dali City,100.32,25.65,China,CN
DME,Moscow(Domodedovo) Russian Fed.,Domodedovo Airport,Moscow,37.9,55.41,Russian Federation,RU
DMK,Bangkok (Don Muang) Thailand,Don Muang International Airport,Bangkok,100.61,13.91,Thailand,TH
DMM,Damman Saudi Arabia,King Fahad International Airport,Dammam,49.8,26.47,Saudi Arabia,SA
DMU,Dimapur India,Dimapur Airport,Dimapur,93.77,25.88,India,IN
DND,Dundee Scotland UK,Dundee Airport,Dundee,-3.01,56.45,United Kingdom,GB
DNH,Dunhuang China,Dunhuang Airport,Dunhuang,94.68,40.2,China,CN
DNZ,Denizli Turkey,Cardak Airport,Denizli,29.7,37.79,Turkey,TR
DOH,Doha(Intl) Qatar,Doha Airport,Doha,51.56,25.27,Qatar,QA
DOK,Donetsk International,Donetsk Airport,Donetsk,37.75,48.08,Ukraine,UA
DPS,Denpasar Bali Indonesia,Ngurah Rai Airport,Denpasar Bali,115.16,-8.74,Indonesia,ID
DQA,Daqing Shi China,Daqing Shi Airport ,Daqing,125.23,46.59,China,CN
DRS,Dresden Germany,Dresden Airport,Dresden,13.77,51.12,Germany,DE
DRW,Darwin NT Australia,Darwin Airport,Darwin,130.88,-12.41,Australia,AU
DSK,Dera Ismail Khan Pakistan,Dera Ismail Khan Airport,Dera Ismail Khan,70.9,31.92,Pakistan,PK
DSM,Des Moines IA USA,Des Moines Airport,Des Moines,-93.65,41.53,United States,US
DTM,Dortmund Germany,Dortmund Airport,Dortmund,7.61,51.51,Germany,DE
DTW,Detroit(Metro Wayne) MI USA,Detroit Metropolitan Wayne County Airport,Detroit,-83.36,42.21,Canada,CA
DUB,Dublin Ireland,Dublin Airport,Dublin,-6.24,53.43,Ireland,IE
DUD,Dunedin New Zealand,Dunedin Airport,Dunedin,170.2,-45.92,New Zealand,NZ
DUR,Durban King Shaka Intl South Africa,King Shaka International Airport,Durban,31.12,-29.61,South Africa,ZA
DUS,Dusseldorf(Intl) Germany,Dusseldorf Airport,Dusseldorf,6.77,51.28,Germany,DE
DVO,Davao Philippines,Mati Airport,Davao,125.64,7.13,Philippines,PH
DXB,Dubai U.A. Emirates,Dubai Airport,Dubai,55.35,25.25,United Arab Emirates,AE
DYU,Dushanbe Tajikistan,Dushanbe Airport,Dushanbe,68.82,38.55,Tajikistan,TJ
DZN,Zhezkazgan Kazakhstan,Zhezhazgan Airport,Zhezkazgan,67.73,47.7,Kazakhstan,KZ
EAS,San Sebastian Spain,San Sebastian Airport,San Sebastian,-1.79,43.36,Spain,ES
EBD,El Obeid Sudan,El Obeid Airport,El Obeid,30.23,13.16,Sudan,SD
EBL,Erbil Iraq,Erbil International Airport,Erbil,43.96,36.24,Iraq,IQ
EBU,St. Etienne France,Boutheon Airport,Saint Etienne,4.3,45.54,France,FR
EDI,Edinburgh Scotland UK,Turnhouse Airport,Edinburgh,-3.36,55.95,United Kingdom,GB
EDL,Eldoret Kenya,Eldoret Airport,Eldoret,35.22,0.41,Kenya,KE
EGO,Belgorod Russian Fed.,Belgorod Airport,Belgorod,36.65,50.63,Russian Federation,RU
EIN,Eindhoven Netherlands,Eindhoven Airport,Eindhoven,5.39,51.46,Netherlands,NL
EJA,Barrancabermeja Colombia,Variguies Airport,Barrancabermeja,-73.8,7.02,Colombia,CO
ELF,El Fasher Sudan,El Fasher Airport,El Fasher,25.32,13.62,Sudan,SD
ELP,El Paso TX USA,El Paso International Airport,El Paso,-106.4,31.8,United States,US
ELS,East London South Africa,East London Airport,East London,27.83,-33.04,South Africa,ZA
ELU,El Oued Algeria,Guemar Airport,El Oued,6.78,33.52,Algeria,DZ
EMA,East Midlands England UK,East Midlands Airport,Leicestershire,-1.33,52.83,United Kingdom,GB
ENH,Enshi China,Enshi Airport,Enshi,109.48,30.32,China,CN
ENU,Enugu Nigeria,Enugu Airport,Enugu,7.57,6.47,Nigeria,NG
EOH,Medellin(Herrera) Colombia,Enrique Olaya Herrera Airport,Medellin,-75.59,6.22,Colombia,CO
ERF,Erfurt Germany,Erfurt Airport,Erfurt,10.96,50.97,Germany,DE
ERI,Erie PA USA,Erie International Airport,Erie,-80.18,42.08,United States,US
ERZ,Erzurum Turkey,Erzurum Airport,Erzurum,41.17,39.96,Turkey,TR
ESB,Ankara (Esenboga) Turkey,Esenboga Airport,Ankara,32.99,40.11,Turkey,TR
EUG,Eugene OR USA,Eugene Airport,Eugene,-123.21,44.12,United States,US
EUN,Laayoune Morocco,Hassan I Airport,Laayoune,-13.22,27.13,Western Sahara,EH
EVN,Yerevan Zvartnots Intl,Yerevan Airport,Yerevan,44.4,40.15,Armenia,AM
EVV,Evansville IN USA,Evansville Regional Airport,Evansville,-87.53,38.05,United States,US
EWR,Newark/New York(Liberty) NJ USA,Newark Liberty International Airport,Newark,-74.18,40.69,United States,US
EXT,Exeter England UK,Exeter Airport,Exeter,-3.41,50.73,United Kingdom,GB
EZE,Buenos Aires(Pistarini) BA Argentina,Ministro Pistarini Airport,Buenos Aires,-58.54,-34.81,Argentina,AR
EZS,Elazig Turkey,Elazig Airport,Elazig,39.29,38.61,Turkey,TR
FAR,Fargo ND USA,Hector Field,Fargo,-96.83,46.92,United States,US
FAT,Fresno(Yosemite Intl) CA USA,Fresno Air Terminal,Fresno,-119.72,36.77,United States,US
FAY,Fayetteville NC USA,Fayetteville Municipal Airport,Fayetteville,-78.89,34.99,United States,US
FBM,Lubumbashi D.R. of Congo (Zaire),Luano,Lubumbashi,27.53,-11.59,"Congo, The Democratic Republic of the",CD
FCO,Rome(Fiumicino) Italy,Fiumicino Airport,Rome,12.25,41.79,Italy,IT
FEG,Fergana Uzbekistan,Fergana Airport,Fergana,71.73,40.35,Uzbekistan,UZ
FEZ,Fez Morocco,Sais Airport,Fez,-4.98,33.93,Morocco,MA
FIH,Kinshasa D.R. of Congo (Zaire),NDjili Airport',Kinshasa,15.45,-4.39,"Congo, The Democratic Republic of the",CD
FKI,Kisangani D.R. of Congo (Zaire),Kisangani Airport,Kisangani,25.2,0.52,"Congo, The Democratic Republic of the",CD
FKS,Fukushima Japan,Fukushima Airport,Fukushima,140.43,37.23,Japan,JP
FLA,Florencia Colombia,Capitolio Airport,Florencia,-75.56,1.59,Colombia,CO
FLL,Ft. Lauderdale(Intl) FL USA,Ft. Lauderdale International Airport,Fort Lauderdale,-80.14,26.07,United States,US
FLN,Florianopolis SC Brazil,Hercilio Luz Airport,Florianopolis,-48.55,-27.66,Brazil,BR
FLR,Florence Italy,Peretola Airport,Florence,11.2,43.8,Italy,IT
FLW,Flores Is. Azores Portugal,Santa Cruz Airport,Flores Island (Azores),-31.15,39.47,Portugal,PT
FMO,Muenster Germany,Muenster Airport,Muenster,7.69,52.13,Germany,DE
FNA,Freetown Sierra Leone,Lungi International Airport,Freetown,-13.2,8.62,Sierra Leone,SL
FNI,Nimes France,Garons Airport,Nimes,4.42,43.75,France,FR
FNJ,Pyongyang Dem. Peop. Rep. of Korea,Sunan,Pyongyang,125.67,39.2,"Korea, Democratic People's Republic of",KP
FNL,Ft. Collins/Loveland CO USA,Fort Collins/Loveland Municipal Airport,Fort Collins/Loveland,-105.08,40.58,United States,US
FNT,Flint MI USA,Bishop Airport,Flint,-83.74,42.97,United States,US
FOC,Fuzhou China,Fuzhou Airport,Fuzhou,119.67,25.93,China,CN
FOG,Foggia Italy,Gino Lisa Airport,Foggia,15.54,41.43,Italy,IT
FOR,Fortaleza CE Brazil,Pinto Martins Airport,Fortaleza,-38.54,-3.78,Brazil,BR
FRA,Frankfurt Germany,Frankfurt International Airport,Frankfurt,8.57,50.05,Germany,DE
FRL,Forli Italy,Luigi Ridolfi Airport,Forli,12.07,44.2,Italy,IT
FRU,Bishkek Kyrgyzstan,Bishkek Airport,Bishkek,74.47,43.05,Kyrgyzstan,KG
FSD,Sioux Falls SD USA,Sioux Falls Regional Airport (Jo Foss Field),Sioux Falls,-96.73,43.58,United States,US
FSZ,Shizuoka Japan,Shizuoka Airport,Shizuoka,138.19,34.8,Japan,JP
FUG,Fuyang China,Fuyang Airport,Fuyang,115.7,32.87,China,CN
FUK,Fukuoka Japan,Fukuoka Airport,Fukuoka,130.44,33.58,Japan,JP
FWA,Ft. Wayne IN USA,Fort Wayne Municipal Airport/Baer Field,Fort Wayne,-85.19,40.99,United States,US
GAE,Gabes Matmata,Gabes Airport,Gabes,10.03,33.88,Tunisia,TN
GAJ,Yamagata Japan,Junmachi Airport,Yamagata,140.37,38.41,Japan,JP
GAO,Guantanamo Cuba,Los Canos Airport,Guantanamo,-75.16,20.08,Cuba,CU
GAU,Guwahati India,Borjhar Airport,Guwahati,91.59,26.11,India,IN
GAY,Gaya India,Gaya Airport,Gaya,84.95,24.75,India,IN
GBE,Gaborone Botswana,Sir Seretse Khama International Airport,Gaborone,25.92,-24.56,Botswana,BW
GDL,Guadalajara Mexico,Miguel Hidal Airport,Guadalajara,-103.3,20.53,Mexico,MX
GDN,Gdansk Poland,Rebiechowo Airport,Gdansk,18.47,54.38,Poland,PL
GDQ,Gondar Ethiopia,Gondar Airport,Gondar,37.45,12.51,Ethiopia,ET
GDX,Magadan Sokol,Magadan Airport,Magadan,150.72,59.92,Russian Federation,RU
GEG,Spokane(Intl) WA USA,Spokane International Airport,Spokane,-117.54,47.63,United States,US
GEO,Georgetown Guyana,Cheddi Jagan International Airport,Georgetown,-58.25,6.5,Guyana,GY
GIG,Rio De Janeiro(Intl) RJ Brazil,Galeao Antonio Carlos Jobim International Airport,Rio De Janeiro,-43.25,-22.81,Brazil,BR
GJL,Jijel Ferhat Abbas,Jijel Airport,Jijel,5.88,36.8,Algeria,DZ
GLA,Glasgow(Intl) Scotland UK,Glasgow International Airport,Glasgow,-4.43,55.86,United Kingdom,GB
GLO,Gloucester/Cheltenham Gloucestershire,Gloucestershire Airport,Gloucester,-2.23,51.88,United Kingdom,GB
GMA,Gemena D.R. of Congo (Zaire),Gemena Airport,Gemena,19.77,3.23,"Congo, The Democratic Republic of the",CD
GMP,Seoul(Gimpo Intl) Rep. of Korea,Gimpo International Airport,Seoul,126.8,37.56,"Korea, Republic of",KR
GMR,Gambier Is. French Polynesia,Gambier Island Airport,Gambier Island,-134.89,-23.08,French Polynesia,PF
GNA,Grodna Belarus,Grodno Airport,Grodno,23.8,53.67,Belarus,BY
GNB,Lyon (Grenoble-St Geoirs) France,Grenoble-Isere Airport,Grenoble,5.33,45.36,France,FR
GNV,Gainesville FL USA,Gainesville Regional Airport,Gainesville,-82.28,29.69,United States,US
GNY,Sanliurfa Turkey,Sanliurfa Airport,Sanliurfa,38.85,37.09,Turkey,TR
GOA,Genoa Italy,Cristoforo Colombo Airport,Genoa,8.85,44.42,Italy,IT
GOI,Goa India,Dabolim Airport,Goa,73.84,15.38,India,IN
GOJ,Nizhny Novgorod,Nizhniy Novgorod Airport,Nizhniy Novgorod,43.79,56.22,Russian Federation,RU
GOM,Goma D.R. of Congo (Zaire),Goma Airport,Goma,29.23,-1.67,"Congo, The Democratic Republic of the",CD
GOP,Gorakhpur India,Gorakhpur Airport,Gorakhpur,83.44,26.75,India,IN
GOQ,Golmud China,Golmud Airport,Golmud,94.79,36.4,China,CN
GOT,Goteborg Sweden,Landvetter Airport,Gothenburg,12.29,57.67,Sweden,SE
GPA,Patrai Greece,Araxos Airport,Patras,21.73,38.25,Greece,GR
GRB,Green Bay WI USA,Austin-Straubel Field,Green Bay,-88.12,44.49,United States,US
GRJ,George South Africa,George Airport,George,22.38,-34.0,South Africa,ZA
GRK,Killeen Gray AAF TX USA,Gray Army Air Field,Killeen,-97.82,31.06,United States,US
GRQ,Groningen Netherlands,Eelde Airport,Groningen,6.58,53.12,Netherlands,NL
GRR,Grand Rapids MI USA,Gerald R. Ford International Airport,Grand Rapids,-85.53,42.89,United States,US
GRU,Sao Paulo(Intl) SP Brazil,Guarulhos International Airport,Sao Paulo,-46.48,-23.43,Brazil,BR
GRV,Grozny,Groznyy Airport,Groznyy,45.75,43.33,Russian Federation,RU
GRZ,Graz Austria,Thalerhof Airport,Graz,15.44,46.99,Austria,AT
GSE,Gotenburg City Apt Sweden,Saeve Airport,Gothenburg,11.86,57.78,Sweden,SE
GSO,Greensboro/H.Pt/Win-Salem NC USA,Piedmont Triad International Airport,Geensboro,-79.94,36.11,United States,US
GSP,Greenville/Spartanburg SC USA,Greenville-Spartanburg Airport,Greenville,-82.22,34.89,United States,US
GTO,Gorontalo Indonesia,Tolotio Airport,Gorontalo,122.85,0.64,Indonesia,ID
GUA,Guatemala City Guatemala,La Aurora Airport,Guatemala City,-90.53,14.59,Guatemala,GT
GUM,Guam,A.B. Won Pat International Airport,Guam,144.8,13.49,Guam,GU
GUW,Atyrau Kazakhstan,Atyrau Airport,Atyrau,51.83,47.12,Kazakhstan,KZ
GVA,Geneva (Intl) Switzerland,Geneve-Cointrin Airport,Geneva,6.11,46.23,Switzerland,CH
GVR,Governador Valadares MG Brazil,Governador Valadares Airport,Governador Valadares,-41.93,-18.85,Brazil,BR
GWL,Gwalior India,Gwalior Airport,Gwalior,78.23,26.29,India,IN
GYD,Baku (Heydar Aliyev) Azerbaijan,Heydar Aliyev International Airport,Baku,50.05,40.46,Azerbaijan,AZ
GYE,Guayaquil Ecuador,Jose Joaquin de Olmedo Airport,Guayaquil,-79.88,-2.14,Ecuador,EC
GYM,Guaymas Mexico,Gen Jose M Yanez Airport,Guaymas,-110.93,27.96,Mexico,MX
GYN,Goiania GO Brazil,Santa Genoveva Airport,Goiania,-49.23,-16.63,Brazil,BR
GZT,Gaziantep Oguzeli,Gaziantep Airport,Gaziantep,37.47,36.94,Turkey,TR
HAJ,Hannover Germany,Hanover Airport,Hanover,9.69,52.46,Germany,DE
HAK,Haikou China,Haikou Airport,Haikou,110.46,19.94,China,CN
HAM,Hamburg(Fuhlsbuettel) Germany,Fuhlsbuettel Airport,Hamburg,10.01,53.63,Germany,DE
HAN,Hanoi Vietnam,Noi Bai International Airport,Hanoi,105.8,21.21,Vietnam,VN
HAS,Hail Saudi Arabia,Hail Airport,Hail,41.69,27.44,Saudi Arabia,SA
HAV,Havana Cuba,Jose Marti International Airport,Havana,-82.41,23.0,Cuba,CU
HBA,Hobart TS Australia,Hobart Airport,Hobart,147.51,-42.84,Australia,AU
HBE,Alexandria(Borg El Arab) Egypt,Borg El Arab Airport,Alexandria,29.69,30.92,Egypt,EG
HBX,Hubli India,Hubli Airport,Hubli,75.09,15.36,India,IN
HDD,Hyderabad Pakistan,Hyderabad Airport,Hyderabad,68.36,25.32,Pakistan,PK
HDG,Handan China,,Handan,114.49,36.61,China,CN
HDY,Hat Yai Thailand,Hat Yai Airport,Hat Yai,100.39,6.94,Thailand,TH
HEA,Herat Afghanistan,Herat Airport,Herat,62.23,34.21,Afghanistan,AF
HEK,Heihe China,Heihe Airport,Heihe,127.43,50.22,China,CN
HEL,Helsinki Finland,Helsinki-Vantaa Airport,Helsinki,24.97,60.32,Finland,FI
HER,Irakleion Greece,N. Kazantzakis Airport,Heraklion,25.17,35.34,Greece,GR
HET,Hohhot China,Hohhot Airport,Hohhot,111.81,40.85,China,CN
HFE,Hefei China,Hefei Airport,Hefei,117.28,31.85,China,CN
HGA,Hargeisa Somalia,Hargeisa Airport,Hargeisa,44.09,9.52,Somalia,SO
HGH,Hangzhou China,Hangzhou Airport,Hangzhou,120.43,30.24,China,CN
HIJ,Hiroshima(Intl) Japan,Hiroshima International Airport,Hiroshima,132.92,34.44,Japan,JP
HIN,Jinju Rep. of Korea,Sacheon Airport,Jinju,128.09,35.09,"Korea, Republic of",KR
HJJ,Huai Hua China,Zhijiang Apt/Huaihua,Huaihua ,111.75,30.42,China,CN
HKD,Hakodate Japan,Hakodate Airport,Hakodate,140.82,41.78,Japan,JP
HKG,Hong Kong(Intl) China,Hong Kong International Airport,Hong Kong,113.94,22.32,Hong Kong,HK
HLD,Hailar China,Hailar Airport,Hailar,119.81,49.21,China,CN
HLH,Ulanhot China,Ulanhot Airport,Ulanhot,122.0,46.19,China,CN
HLZ,Hamilton New Zealand,Hamilton Airport,Hamilton,175.34,-37.87,New Zealand,NZ
HMI,Hami P. R. China,Hami Airport,Hami,93.42,42.92,China,CN
HMO,Hermosillo Mexico,Gen Pesqueira Garcia Airport,Hermosillo,-111.05,29.09,Mexico,MX
HND,Tokyo(Haneda) Japan,Haneda Airport,Tokyo,139.78,35.55,Japan,JP
HNL,Honolulu Oahu HI USA,Honolulu International Airport,Honolulu,-157.92,21.33,United States,US
HOD,Hodeidah Yemen,Hodeidah Airport,Hodeidah,42.97,14.76,Yemen,YE
HOF,Hofuf Saudi Arabia,Alahsa Airport,Alahsa,49.49,25.29,Saudi Arabia,SA
HOG,Holguin Cuba,Frank Pais Airport,Holguin,-76.31,20.79,Cuba,CU
HOU,Houston(Hobby) TX USA,Hobby Airport,Houston,-95.28,29.65,United States,US
HPH,Haiphong Vietnam,Catbi Airport,Haiphong,106.73,20.82,Vietnam,VN
HPN,Westchester County NY USA,Westchester County Airport,Westchester County,-73.7,41.07,United States,US
HRB,Harbin China,Harbin Airport,Harbin,126.24,45.62,China,CN
HRE,Harare Zimbabwe,Harare Airport,Harare,31.1,-17.92,Zimbabwe,ZW
HRG,HURGHADA INTERNATIONAL EGYPT,Hurghada Airport,Hurghada,33.81,27.19,Egypt,EG
HRK,Kharkiv Osnova Intl,Kharkov Airport,Kharkov,36.28,49.92,Ukraine,UA
HSG,Saga Japan,Saga Airport,Saga,130.3,33.15,Japan,JP
HSN,Zhoushan China,Zhoushan Airport,Zhoushan,122.36,29.94,China,CN
HSV,Huntsville/Decatur AL USA,Huntsville International Airport,Huntsville,-86.77,34.65,United States,US
HTA,Chita Kadala,Chita Airport,Chita,113.3,52.03,Russian Federation,RU
HTN,Hotan China,Hotan Airport,Hotan,79.87,37.04,China,CN
HTY,Hatay Turkey,Hatay Airport,Antakya,36.28,36.36,Turkey,TR
HUI,Hue Vietnam,Phu Bai Airport,Hue,107.7,16.4,Vietnam,VN
HUN,Hualien Chinese Taipei,Hualien Airport,Hualien,121.61,24.03,Taiwan,TW
HUU,Huanuco Peru,Huanuco Airport,Huanuco,-76.22,-9.87,Peru,PE
HVN,New Haven CT USA,New Haven Airport,New Haven,-72.89,41.27,United States,US
HYD,HYDERABAD RAJIV GANDHI INTL,Rajiv Gandhi International Airport,Hyderabad,78.47,17.45,India,IN
HYN,Huangyan China,Huangyan Airport,Huangyan,121.42,28.56,China,CN
IAD,Washington(Dulles Intl) DC USA,Dulles International Airport,Washington,-77.45,38.95,United States,US
IAH,Houston(G.Bush Intl) TX USA,George Bush Intercontinental Airport,Houston,-95.34,29.98,United States,US
IAS,Iasi Romania,Iasi Airport,Iasi,27.62,47.18,Romania,RO
IBE,Ibague Colombia,Ibague Airport,Ibague,-75.14,4.42,Colombia,CO
ICN,Seoul(Incheon Intl) Rep. of Korea,Incheon International Airport,Seoul,126.45,37.45,"Korea, Republic of",KR
ICT,Wichita KS USA,Mid-Continent Airport,Wichita,-97.43,37.65,United States,US
IDR,Indore India,Indore Airport,Indore,75.81,22.73,India,IN
IEG,Zielona Gora Poland,Babimost Airport,Zielona Gora,15.52,51.93,Poland,PL
IEV,Kiev Zhuliany Intl Apt,Kiev-Zhulhany Airport,Kiev,30.45,50.4,Ukraine,UA
IFN,Esfahan Shahid Beheshti Intl Iran,Isfahan Airport,Isfahan,51.88,32.75,"Iran, Islamic Republic of",IR
IFO,Ivano-Frankivsk International Ukraine,Ivano-Frankovsk Airport,Ivano-Frankovsk,24.71,48.89,Ukraine,UA
IKA,Tehran(Imam Khomeini Intl) Iran,Imam Khomeini Airport,Tehran,51.15,35.41,"Iran, Islamic Republic of",IR
IKT,Irkutsk Russian Fed.,Irkutsk Airport,Irkutsk,104.36,52.27,Russian Federation,RU
ILM,Wilmington NC USA,Wilmington International Airport,Wilmington,-77.91,34.27,United States,US
ILO,Ilo Ilo Philippines,Mandurriao Airport,Iloilo,122.54,10.71,Philippines,PH
IMF,Imphal India,Imphal Municipal Airport,Imphal,93.9,24.76,India,IN
IMP,Imperatriz MA Brazil,Imperatriz Airport,Imperatriz,-47.48,-5.53,Brazil,BR
INC,Yinchuan China,Yinchuan Airport,Yinchuan,106.35,38.35,China,CN
IND,Indianapolis IN USA,Indianapolis International Airport,Indianapolis,-86.27,39.73,United States,US
INI,Nis Konstantin Veliki Serbia,Nis Airport,Nis,21.85,43.33,Serbia,RS
INN,Innsbruck Austria,Kranebitten Airport,Innsbruck,11.35,47.26,Austria,AT
IOS,Ilheus BA Brazil,Eduardo Gomes Airport,Ilheus,-39.03,-14.81,Brazil,BR
IPH,Ipoh Malaysia,Ipoh Airport,Ipoh,101.1,4.57,Malaysia,MY
IPN,Ipatinga MG Brazil,Usiminas Airport,Ipatinga,-42.53,-19.5,Brazil,BR
IQQ,Iquique Chile,Cavancha Airport,Iquique,-70.18,-20.55,Chile,CL
IQT,Iquitos Peru,C.F. Secada Airport,Iquitos,-73.3,-3.79,Peru,PE
IRJ,La Rioja LR Argentina,La Rioja Airport,La Rioja,-66.78,-29.38,Argentina,AR
ISB,Islamabad Pakistan,Islamabad International Airport,Islamabad,73.11,33.61,Pakistan,PK
ISE,Isparta Suleyman Demirel Turkey,Isparta Airport,Isparta,30.38,37.87,Turkey,TR
ISK,Nasik India,Gandhinagar Airport,Nasik,73.81,19.97,India,IN
IST,Istanbul (Ataturk) Turkey,Ataturk Airport,Istanbul,28.82,40.98,Turkey,TR
ITM,Osaka(Itami) Japan,Itami Airport,Osaka,135.44,34.79,Japan,JP
IWA,Ivanova Yuzhny,Ivanovo Airport,Ivanovo,40.94,56.94,Russian Federation,RU
IXA,Agartala India,Singerbhil Airport,Agartala,91.24,23.89,India,IN
IXC,Chandigarh India,Chandigarh Airport,Chandigarh,76.8,30.67,India,IN
IXD,Allahabad India,Bamrauli Airport,Allahabad,81.74,25.44,India,IN
IXE,Mangalore India,Bajpe Airport,Mangalore,74.89,12.96,India,IN
IXJ,Jammu India,Satwari Airport,Jammu,74.84,32.68,India,IN
IXL,Leh India,Leh Airport,Leh,77.55,34.14,India,IN
IXM,Madurai India,Madurai Airport,Madurai,78.09,9.84,India,IN
IXP,Pathankot India,Pathankot Airport,Pathankot,75.63,32.22,India,IN
IXR,Ranchi India,Ranchi Airport,Ranchi,85.32,23.32,India,IN
IXS,Silchar India,Kumbhirgram Airport,Silchar,92.98,24.92,India,IN
IXU,Aurangabad India,Chikkalthana Airport,Aurangabad,75.4,19.87,India,IN
IZO,Izumo Japan,Izumo Airport,Izumo,132.89,35.41,Japan,JP
JAI,Jaipur India,Sanganeer Airport,Jaipur,75.8,26.82,India,IN
JAL,Jalapa Mexico,Jalapa Airport,Jalapa,-96.78,19.47,Mexico,MX
JDH,Jodhpur India,Jodhpur Airport,Jodhpur,73.05,26.26,India,IN
JDO,Juazeiro Do Norte CE Brazil,Regional Do Cariri Airport,Juazeiro Do Norte,-39.32,-7.2,Brazil,BR
JDZ,Jingdezhen China,Jingdezhen Airport,Jingdezhen,117.18,29.34,China,CN
JED,Jeddah Saudi Arabia,King Abdulaziz International Airport,Jeddah,39.15,21.67,Saudi Arabia,SA
JFK,New York(Kennedy) NY USA,John F. Kennedy International Airport,New York,-73.79,40.64,United States,US
JGA,Jamnagar India,Govardhanpur Airport,Jamnagar,70.01,22.46,India,IN
JGN,Jiayuguan China,Jiayuguan Airport,Jiayuguan,98.42,39.83,China,CN
JHB,Johor Bahru Malaysia,Sultan Ismail International Airport,Johor Bharu,103.67,1.64,Malaysia,MY
JHG,Jinghong China,Gasa Airport,Jinghong,100.77,21.97,China,CN
JIB,Djibouti,Ambouli Airport,Djibouti,43.15,11.55,Djibouti,DJ
JIJ,Jijiga Ethiopia,Jigiga Airport,Jijiga,42.77,9.37,Ethiopia,ET
JIM,Jimma Ethiopia,Jimma Airport,Jimma,36.82,7.65,Ethiopia,ET
JIU,Jiujiang China,Jiujiang Airport,Jiujiang,115.97,29.7,China,CN
JJN,Jinjiang China,Jinjiang Airport,Jinjiang,118.59,24.8,China,CN
JLR,Jabalpur India,Jabalpur Airport,Jabalpur,79.92,22.67,India,IN
JMU,Jiamusi China,Jiamusi Airport,Jiamusi,130.46,46.85,China,CN
JNB,Johannesburg(Tambo) South Africa,Johannesburg International Airport,Johannesburg,28.23,-26.13,South Africa,ZA
JNG,Jining China,Jining Airport,Jining,116.53,35.42,China,CN
JNZ,Jinzhou China,Liaoning Province Airport,Jinzhou,121.02,41.12,China,CN
JOG,Yogyakarta Indonesia,Adisutjipto Airport,Yogyakarta,110.44,-7.79,Indonesia,ID
JOI,Joinville Lauro Carneiro Loyola Brazil,Cubatao Airport,Joinville,-48.78,-26.23,Brazil,BR
JOL,Jolo Philippines,Jolo Airport,Jolo,121.01,6.06,Philippines,PH
JOS,Jos Nigeria,Jos Airport,Jos,8.89,9.87,Nigeria,NG
JPA,Joao Pessoa PB Brazil,Castro Pinto Airport,Joao Pessoa,-34.95,-7.15,Brazil,BR
JRO,Kilimanjaro Tanzania,Kilimanjaro Airport,Kilimanjaro,37.07,-3.42,"Tanzania, United Republic of",TZ
JSR,Jessore Bangladesh,Jessore Airport,Jessore,89.16,23.18,Bangladesh,BD
JUJ,Jujuy PJ Argentina,El Cadillal Airport,Jujuy,-65.08,-24.4,Argentina,AR
JUL,Juliaca Peru,Juliaca Airport,Juliaca,-70.15,-15.46,Peru,PE
JXA,Jixi Shi China,,Jixi,116.92,36.67,China,CN
KAD,Kaduna Nigeria,Kaduna Airport,Kaduna,7.44,10.6,Nigeria,NG
KAN,Kano Nigeria,Aminu Kano International Airport,Kano,8.52,12.05,Nigeria,NG
KBL,Kabul Afghanistan,Khwaja Rawash Airport,Kabul,69.21,34.56,Afghanistan,AF
KBP,Kiev Borispol International Ukraine,Kiev/Kyiv - Borispol Airport,Kiev/Kyiv,30.9,50.34,Ukraine,UA
KBR,Kota Bharu Malaysia,Pengkalan Chepa Airport,Kota Bharu,102.29,6.17,Malaysia,MY
KBU,Kotabaru Indonesia,Kotabaru Airport,Kotabaru,116.33,-3.33,Indonesia,ID
KCH,Kuching Sarawak Malaysia,Kuching Airport,Kuching,110.34,1.48,Malaysia,MY
KCM,Kahramanmaras Turkey,Kahramanmaras Airport,Kahramanmaras,36.95,37.53,Turkey,TR
KCZ,Kochi Japan,Kochi Airport,Kochi,133.67,33.55,Japan,JP
KDH,Kandahar Afghanistan,Kandahar Airport,Kandahar,65.85,31.51,Afghanistan,AF
KDI,Kendari Indonesia,Wolter Monginsidi Airport,Kendari,122.41,-4.09,Indonesia,ID
KEF,Reykjavik(Intl) Iceland,Keflavik International Airport,Reykjavik,-22.62,64.0,Iceland,IS
KEJ,Kemerovo Russian Fed.,Kemerovo Airport,Kemerovo,86.12,55.28,Russian Federation,RU
KER,Kerman Iran,Kerman Airport,Kerman,56.96,30.26,"Iran, Islamic Republic of",IR
KGA,Kananga D.R. of Congo (Zaire),Kananga Airport,Kananga,22.42,-5.9,"Congo, The Democratic Republic of the",CD
KGD,Kaliningrad Russian Fed.,Kaliningrad Airport,Kaliningrad,20.59,54.88,Russian Federation,RU
KGF,Karaganda Kazakhstan,Karaganda Airport,Karaganda,73.33,49.68,Kazakhstan,KZ
KGL,Kigali Rwanda,Gregoire Kayibanda Airport,Kigali,30.14,-1.96,Rwanda,RW
KHD,Khorramabad Iran,Khorramabad Airport,Khorramabad,48.28,33.44,"Iran, Islamic Republic of",IR
KHG,Kashi China,Kashi Airport,Kashi,76.01,39.53,China,CN
KHH,Kaohsiung Chinese Taipei,Kaohsiung International Airport,Kaohsiung,120.35,22.57,Taiwan,TW
KHI,Karachi Pakistan,Quaid-E-Azam International Airport,Karachi,67.17,24.9,Pakistan,PK
KHN,Nanchang China,Nanchang Airport,Nanchang,115.91,28.86,China,CN
KHV,Khabarovsk Novy,Novyy Airport,Khabarovsk,135.17,48.52,Russian Federation,RU
KHY,Khoy Iran,Khoy Airport,Khoy,44.97,38.43,"Iran, Islamic Republic of",IR
KIJ,Niigata Japan,Niigata Airport,Niigata,139.11,37.95,Japan,JP
KIM,Kimberley South Africa,Kimberley Airport,Kimberley,24.77,-28.81,South Africa,ZA
KIN,Kingston(Intl) Jamaica,Norman Manley Airport,Kingston,-76.78,17.94,Jamaica,JM
KIS,Kisumu Kenya,Kisumu Airport,Kisumu,34.74,-0.08,Kenya,KE
KIV,Chisinau Moldova,Chisinau Airport,Chisinau,28.93,46.94,"Moldova, Republic of",MD
KIX,Osaka(Kansai Intl) Japan,Kansai International Airport,Osaka,135.24,34.44,Japan,JP
KJA,Krasnoyarsk Yemelyanovo,Krasnojarsk Airport,Krasnojarsk,92.48,56.18,Russian Federation,RU
KKC,Khon Kaen Thailand,Khon Kaen Airport,Khon Kaen,102.79,16.46,Thailand,TH
KLH,Kolhapur India,Kolhapur Airport,Kolhapur,74.33,16.67,India,IN
KMG,Kunming China,Kunming Airport,Kunming,102.74,25.0,China,CN
KMI,Miyazaki Japan,Miyazaki Airport,Miyazaki,131.44,31.87,Japan,JP
KMJ,Kumamoto Japan,Kumamoto Airport,Kumamoto,130.86,32.83,Japan,JP
KMQ,Komatsu Japan,Komatsu Airport,Komatsu,136.41,36.4,Japan,JP
KMS,Kumasi Ghana,Kumasi Airport,Kumasi,-1.59,6.71,Ghana,GH
KND,Kindu D.R. of Congo (Zaire),Kindu Airport,Kindu,25.91,-2.92,"Congo, The Democratic Republic of the",CD
KNU,Kanpur India,Kanpur Airport,Kanpur,80.41,26.4,India,IN
KOE,Kupang Indonesia,Eltari Airport,Kupang,123.67,-10.17,Indonesia,ID
KOJ,Kagoshima Japan,Kagoshima Airport,Kagoshima,130.72,31.8,Japan,JP
KOW,Ganzhou China,Ganzhou Airport,Ganzhou,114.91,25.83,China,CN
KPO,Pohang Rep. of Korea,Pohang Airport,Pohang,129.43,35.98,"Korea, Republic of",KR
KRK,Krakow(John Paul II-Balice Intl) Poland,J. Paul II Balice International Airport,Krakow,19.79,50.08,Poland,PL
KRL,Korla China,Korla Airport,Korla,86.12,41.69,China,CN
KRR,Krasnodar Pashkovsky,Krasnodar Airport,Krasnodar,39.14,45.03,Russian Federation,RU
KRT,Khartoum Sudan,Civil Airport,Khartoum,32.55,15.59,Sudan,SD
KRY,Karamay China,Karamay Airport,Karamay,84.88,45.62,China,CN
KSC,Kosice Slovakia,Barca Airport,Kosice,21.25,48.67,Slovakia,SK
KSH,Kermanshah Shahid AshrafiEsfahani Iran,Kermanshah Airport,Kermanshah,47.15,34.36,"Iran, Islamic Republic of",IR
KSN,Kostanay Kazakhstan,Kostanay Airport,Kostanay,63.55,53.2,Kazakhstan,KZ
KSQ,Karshi Uzbekistan,Karshi Airport,Karshi,65.78,38.81,Uzbekistan,UZ
KTM,Kathmandu Nepal,Tribhuvan Airport,Kathmandu,85.36,27.7,Nepal,NP
KTW,Katowice Poland,Pyrzowice Airport,Katowice,19.07,50.47,Poland,PL
KUA,Kuantan Malaysia,Kuantan Airport,Kuantan,103.22,3.78,Malaysia,MY
KUF,Samara Kurumoch,Samara Airport,Samara,50.15,53.51,Russian Federation,RU
KUH,Kushiro Japan,Kushiro Airport,Kushiro,144.2,43.05,Japan,JP
KUL,Kuala Lumpur(Intl) Malaysia,Kuala Lumpur International Airport,Kuala Lumpur,101.71,2.76,Malaysia,MY
KUN,Kaunas Lithuania,Kaunas Airport,Kaunas,23.92,54.9,Lithuania,LT
KUT,Kutaisi Georgia,Kutaisi Airport,Kutaisi,42.7,42.25,Georgia,GE
KUU,Kulu India,Bhuntar Airport,Kulu,77.1,31.98,India,IN
KUV,Gunsan Rep. of Korea,Gunsan Airport,Gunsan,126.75,35.98,"Korea, Republic of",KR
KVD,Ganja,Gyandzha Airport,Gyandzha,46.32,40.73,Azerbaijan,AZ
KWE,Guiyang China,Guiyang Airport,Guiyang,106.8,26.54,China,CN
KWJ,Gwangju Rep. of Korea,Gwangju Airport,Gwangju,126.81,35.14,"Korea, Republic of",KR
KWL,Guilin China,Guilin Airport,Guilin,110.32,25.13,China,CN
KXK,Komsomolsk Na Amure Khurba,Komsomolsk Na Amure Airport,Komsomolsk Na Amure,136.95,50.4,Russian Federation,RU
KYA,Konya Turkey,Konya Airport,Konya,32.56,37.98,Turkey,TR
KZN,Kazan Russian Fed.,Kazan Airport,Kazan,49.3,55.61,Russian Federation,RU
KZO,Kzyl-Orda Kazakhstan,Kzyl-Orda Airport,Kzyl-Orda,65.59,44.71,Kazakhstan,KZ
LAD,Luanda Angola,4 de Fevereiro Airport,Luanda,13.23,-8.85,Angola,AO
LAN,Lansing MI USA,Capital City Airport,Lansing,-84.59,42.77,United States,US
LAO,Laoag Philippines,Laoag Airport,Laoag,120.53,18.18,Philippines,PH
LAP,La Paz Mexico,Leon Airport,La Paz,-110.37,24.08,Mexico,MX
LAS,Las Vegas(Intl) NV USA,McCarran International Airport,Las Vegas,-115.15,36.09,United States,US
LAX,Los Angeles(Intl) CA USA,Los Angeles International Airport,Los Angeles,-118.41,33.94,United States,US
LBA,Leeds/Bradford England UK,Leeds/Bradford Airport,Leeds,-1.66,53.87,United Kingdom,GB
LBB,Lubbock(P. Smith Intl) TX USA,Lubbock International Airport,Lubbock,-101.82,33.66,United States,US
LBC,Hamburg (Luebeck-Blankensee) Germany,Blankensee Airport,Hamburg,10.7,53.81,Germany,DE
LBD,Khudzhand Tajikistan,Khudzhand Airport,Khudzhand,69.7,40.22,Tajikistan,TJ
LBV,Libreville Gabon,Libreville Airport,Libreville,9.41,0.46,Gabon,GA
LCE,La Ceiba Honduras,Goloson International Airport,La Ceiba,-86.86,15.74,Honduras,HN
LCG,A Coruna Spain,La Coruna Airport,La Coruna,-8.38,43.3,Spain,ES
LCJ,Lodz(Wladyslaw Reymount) Poland,Lodz Lublinek Airport,Lodz,19.4,51.72,Poland,PL
LCX,Longyan China,Liancheng Airport,Longyan,116.75,25.68,China,CN
LCY,London(City) England UK,London City Airport,London,0.05,51.5,United Kingdom,GB
LDB,Londrina PR Brazil,Londrina Airport,Londrina,-51.14,-23.33,Brazil,BR
LDS,Yichun Shi China,,Yichun ,128.83,47.72,China,CN
LDU,Lahad Datu Malaysia,Lahad Datu Airport,Lahad Datu,118.33,5.04,Malaysia,MY
LED,St. Petersburg(Pulkovo) Russian Fed.,Pulkovo Airport,Saint Petersburg,30.31,59.81,Russian Federation,RU
LEH,Le Havre France,Octeville Airport,Le Havre,0.09,49.54,France,FR
LEI,Almeria Spain,Almeria Airport,Almeria,-2.37,36.85,Spain,ES
LEJ,Leipzig/Halle Germany,Leipzig/Halle Airport,Leipzig/Halle,12.22,51.42,Germany,DE
LEN,Leon Spain,Leon Airport,Leon,-5.65,42.59,Spain,ES
LEX,Lexington KY USA,Blue Grass Airport,Lexington,-84.6,38.04,United States,US
LFT,Lafayette LA USA,Lafayette Regional Airport,Lafayette,-91.99,30.21,United States,US
LFW,Lome Togo,Lome Airport,Lome,1.25,6.17,Togo,TG
LGA,New York(Laguardia) NY USA,La Guardia Airport,New York,-73.87,40.77,United States,US
LGB,Long Beach CA USA,Long Beach Municipal Airport,Long Beach,-118.14,33.82,United States,US
LGG,Liege Belgium,Bierset Airport,Liege,5.46,50.64,Belgium,BE
LGL,Long Lellang Malaysia,Long Lellang Airport,Long Lellang,114.25,4.18,Malaysia,MY
LGP,Legaspi Philippines,Legaspi Airport,Legaspi,123.73,13.15,Philippines,PH
LGW,London(Gatwick) England UK,Gatwick Airport,London,-0.16,51.16,United Kingdom,GB
LHE,Lahore Pakistan,Lahore Airport,Lahore,74.4,31.52,Pakistan,PK
LHR,London(Heathrow) England UK,Heathrow Airport,London,-0.45,51.47,United Kingdom,GB
LHW,Lanzhou China,Lanzhou Airport,Lanzhou,103.87,36.03,China,CN
LIG,Limoges France,Bellegarde Airport,Limoges,1.18,45.86,France,FR
LIL,Lille France,Lesquin Airport,Lille,3.11,50.57,France,FR
LIM,Lima Peru,J Chavez International Airport,Lima,-77.11,-12.02,Peru,PE
LIN,Milan(Linate) Italy,Linate Airport,Milan,9.26,45.45,Italy,IT
LIR,Liberia Costa Rica,Liberia Airport,Liberia,-85.54,10.6,Costa Rica,CR
LIS,Lisbon Portugal,Lisboa Airport,Lisbon,-9.13,38.77,Portugal,PT
LIT,Little Rock AR USA,Little Rock Regional Airport,Little Rock,-92.22,34.73,United States,US
LJG,Lijiang City China,Lijiang Airport,Lijiang,100.25,26.68,China,CN
LJU,Ljubljana Joze Pucnik Slovenia,Brnik Airport,Ljubljana,14.45,46.23,Slovenia,SI
LKO,Lucknow India,Amausi Airport,Lucknow,80.88,26.76,India,IN
LLW,Lilongwe Malawi,Lilongwe International Airport,Lilongwe,33.78,-13.78,Malawi,MW
LMM,Los Mochis Mexico,Federal Airport,Los Mochis,-108.98,25.82,Mexico,MX
LNJ,Lincang China,Lincang Airport,Lincang,100.03,23.74,China,CN
LNK,Lincoln NE USA,Lincoln Municipal Airport,Lincoln,-96.75,40.85,United States,US
LNZ,Linz Austria,Hoersching Airport,Linz,14.19,48.24,Austria,AT
LOH,Loja Ecuador,Loja Airport,Loja,-79.37,-3.99,Ecuador,EC
LOO,Laghouat Algeria,LMekrareg Airport',Laghouat,2.98,33.83,Algeria,DZ
LOS,Lagos Nigeria,Murtala Muhammed Airport,Lagos,3.32,6.58,Nigeria,NG
LPA,Las Palmas(Gran Canaria) Canary Is.,Airport De Gran Canaria,Las Palmas,-15.39,27.94,Spain,ES
LPB,La Paz Bolivia,El Alto Airport,La Paz,-68.18,-16.51,Bolivia,BO
LPK,Lipetsk Russian Fed.,Lipetsk Airport,Lipetsk,39.6,52.62,Russian Federation,RU
LPL,Liverpool England UK,Liverpool John Lennon Airport,Liverpool,-2.85,53.34,United Kingdom,GB
LRD,Laredo TX USA,Laredo International Airport,Laredo,-99.46,27.54,Mexico,MX
LRM,Casa De Campo Dominican Rep.,La Romana Airport,La Romana,-68.9,18.42,Dominican Republic,DO
LSC,La Serena Chile,La Florida Airport,La Serena,-71.2,-29.92,Chile,CL
LSH,Lashio Myanmar,Lashio Airport,Lashio,97.75,22.97,Myanmar,MM
LST,Launceston TS Australia,Launceston Airport,Launceston,147.21,-41.54,Australia,AU
LTK,Latakia Syria,Latakia Airport,Latakia,35.94,35.41,Syrian Arab Republic,SY
LTN,London(Luton) England UK,Luton Airport,London,-0.38,51.88,United Kingdom,GB
LTU,Latur India,,Latur ,76.46,18.41,India,IN
LUH,Ludhiana India,Ludhiana Airport,Ludhiana,75.85,30.9,India,IN
LUM,Luxi China,Mangshi Airport,Luxi,98.53,24.41,China,CN
LUN,Lusaka Zambia,Lusaka Airport,Lusaka,28.45,-15.33,Zambia,ZM
LUQ,San Luis SL Argentina,San Luis Airport,San Luis,-66.36,-33.27,Argentina,AR
LVI,Livingstone Zambia,Livingstone Airport,Livingstone,25.82,-17.82,Zambia,ZM
LWN,Gyumri Shirak,Leninakan Airport,Gyoumri,43.83,40.72,Armenia,AM
LWO,Lviv International Ukraine,Snilow Airport,Lviv,23.96,49.82,Ukraine,UA
LXA,Lhasa China,Lhasa Airport,Lhasa,90.9,29.29,China,CN
LXR,LUXOR INTERNATIONAL EGYPT,Luxor Airport,Luxor,32.7,25.67,Egypt,EG
LYA,Luoyang China,Luoyang Airport,Luoyang,112.39,34.74,China,CN
LYG,Lianyungang China,Lianyungang Airport,Lianyungang,118.88,34.57,China,CN
LYI,Linyi China,Linyi Airport,Linyi,118.41,35.05,China,CN
LYP,Faisalabad Pakistan,Faisalabad Airport,Faisalabad,72.99,31.36,Pakistan,PK
LYS,Lyon St-Exupery France,Lyon Saint-Exupery International Airport,Lyon,5.08,45.72,France,FR
LZH,Liuzhou China,Liuzhou Airport,Liuzhou,109.4,24.21,China,CN
LZO,Luzhou China,Luzhou Airport,Luzhou,105.38,28.84,China,CN
LZY,Lin Zhi China,Nyingchi Apt,Linzhi,94.33,29.3,China,CN
MAA,Chennai India,Chennai Airport,Chennai,80.16,12.98,India,IN
MAB,Maraba PA Brazil,Maraba Airport,Maraba,-49.17,-5.37,Brazil,BR
MAD,Madrid Spain,Barajas Airport,Madrid,-3.57,40.47,Spain,ES
MAF,Midland/Odessa TX USA,Midland International Airport,Midland/Odessa,-102.21,31.94,United States,US
MAM,Matamoros Mexico,Matamoros Airport,Matamoros,-97.52,25.77,Mexico,MX
MAN,Manchester England UK,Manchester International Airport,Manchester,-2.27,53.36,United Kingdom,GB
MAO,Manaus AM Brazil,Eduardo Gomes International Airport,Manaus,-60.05,-3.03,Brazil,BR
MAR,Maracaibo Venezuela,La Chinita Airport,Maracaibo,-71.72,10.56,Venezuela,VE
MBA,Mombasa Kenya,Moi International Airport,Mombasa,39.6,-4.03,Kenya,KE
MCI,Kansas City(Intl) MO USA,Kansas City International Airport,Kansas City,-94.72,39.29,United States,US
MCO,Orlando(Intl) FL USA,Orlando International Airport,Orlando,-81.31,28.43,United States,US
MCP,Macapa AP Brazil,Macapa Internacional Airport,Macapa,-51.07,0.05,Brazil,BR
MCX,Makhachkala Uytash Russian Fed.,Makhachkala Airport,Makhachkala,47.66,42.82,Russian Federation,RU
MCY,Sunshine Coast QL Australia,Maroochydore Airport,Sunshine Coast,153.09,-26.61,Australia,AU
MCZ,Maceio AL Brazil,Palmares Airport,Maceio,-35.8,-9.51,Brazil,BR
MDC,Manado Indonesia,Samratulangi Airport,Manado,124.92,1.54,Indonesia,ID
MDE,Medellin(Cordova) Colombia,Jose Maria Cordova,Medellin,-75.43,6.17,Colombia,CO
MDG,Mudanjiang China,Mudanjiang Airport,Mudanjiang,129.58,44.53,China,CN
MDK,Mbandaka D.R. of Congo (Zaire),Mbandaka Airport,Mbandaka,18.29,0.02,"Congo, The Democratic Republic of the",CD
MDL,Mandalay Myanmar,Annisaton Airport,Mandalay,96.09,21.94,Myanmar,MM
MDQ,Mar Del Plata BA Argentina,Mar Del Plata Airport,Mar Del Plata,-57.57,-37.93,Argentina,AR
MDW,Chicago(Midway) IL USA,Midway Airport,Chicago,-87.74,41.79,United States,US
MDZ,Mendoza MD Argentina,El Plumerillo Airport,Mendoza,-68.8,-32.83,Argentina,AR
MEB,Melbourne(Essendon) VI Australia,Essendon Airport,Melbourne,144.9,-37.74,Australia,AU
MEC,Manta Ecuador,Manta Airport,Manta,-80.68,-0.95,Ecuador,EC
MEL,Melbourne(Intl) VI Australia,Tullamarine Airport,Melbourne,144.85,-37.67,Australia,AU
MEM,Memphis TN USA,Memphis International Airport,Memphis,-89.98,35.04,United States,US
MES,Medan Indonesia,Polania Airport,Medan,98.67,3.56,Indonesia,ID
MEX,Mexico City(Juarez Intl) Mexico,Juarez International Airport,Mexico City,-99.07,19.44,Mexico,MX
MFE,McAllen TX USA,Miller International Airport,McAllen,-98.24,26.18,United States,US
MFM,Macau Macao China,Macau Airport,Macau,113.57,22.16,Macao,MO
MGA,Managua Nicaragua,Augusto C Sandino Airport,Managua,-86.17,12.14,Nicaragua,NI
MGF,Maringa PR Brazil,Regional De Maringa,Maringa,-51.93,-23.38,Brazil,BR
MGM,Montgomery AL USA,Dannelly Field,Montgomery,-86.39,32.31,United States,US
MGQ,Mogadishu Somalia,Mogadishu International Airport,Mogadishu,45.31,2.01,Somalia,SO
MGZ,Myeik Myanmar,Myeik Airport,Myeik,98.62,12.45,Myanmar,MM
MHG,Mannheim Germany,Mannheim Airport,Mannheim,8.52,49.48,Germany,DE
MHT,Manchester (Boston Regional) NH USA,Manchester Municipal Airport,Manchester,-71.44,42.93,United States,US
MIA,Miami(Intl) FL USA,Miami International Airport,Miami,-80.28,25.8,United States,US
MID,Merida Mexico,Rejon Airport,Merida,-89.66,20.93,Mexico,MX
MIG,Mian Yang China,Mian Yang Airport,Mian Yang,104.74,31.43,China,CN
MII,Marilia SP Brazil,Dr Gastao Vidigal Airport,Marilia,-49.93,-22.2,Brazil,BR
MJM,Mbuji-Mayi D.R. of Congo (Zaire),Mbuji Mayi Airport,Mbuji Mayi,23.63,-6.15,"Congo, The Democratic Republic of the",CD
MJN,Majunga Madagascar,Amborovy Airport,Majunga,46.35,-15.67,Madagascar,MG
MJV,Murcia Spain,San Javier Airport,Murcia,-0.82,37.78,Spain,ES
MKE,Milwaukee WI USA,General Mitchell Airport,Milwaukee,-87.9,42.95,United States,US
MKX,Mukalla Yemen Republic of,Mukalla Airport,Mukalla,49.13,14.53,Yemen,YE
MLA,Malta,Luqa Airport,Malta,14.5,35.85,Malta,MT
MLE,Male Maldives,Male International Airport,Male,73.52,4.2,Maldives,MV
MLG,Malang Indonesia,Malang Airport,Malang,112.71,-7.93,Indonesia,ID
MLH,Mulhouse France,EuroAirport French,"Mulhouse, France/Basel",7.53,47.6,France,FR
MLM,Morelia Mexico,Morelia Airport,Morelia,-101.03,19.84,Mexico,MX
MLW,Monrovia(Sprigg-Payne) Liberia,Sprigg Payne Airport,Monrovia,-10.76,6.29,Liberia,LR
MLX,Malatya Erhac Turkey,Malatya Airport,Malatya,38.25,38.35,Turkey,TR
MMK,Murmansk Russian Fed.,Murmansk Airport,Murmansk,32.76,68.79,Russian Federation,RU
MMX,Malmo Sweden,Sturup Airport,Malmo,13.36,55.54,Sweden,SE
MNL,Manila Philippines,Ninoy Aquino International Airport,Manila,121.01,14.51,Philippines,PH
MOB,Mobile AL USA,Mobile Regional Airport,Mobile,-88.24,30.68,United States,US
MOC,Montes Claros MG Brazil,Montes Claros Airport,Montes Claros,-43.82,-16.71,Brazil,BR
MOD,Modesto CA USA,Modesto Municipal Airport,Modesto,-120.96,37.63,United States,US
MPL,Montpellier France,Mediterranee Airport,Montpellier,3.96,43.58,France,FR
MPM,Maputo Mozambique,Maputo International Airport,Maputo,32.57,-25.92,Mozambique,MZ
MQF,Magnitogorsk Russian Fed.,Magnitogorsk Airport,Magnitogorsk,59.07,53.45,Russian Federation,RU
MQP,Nelspruit South Africa,Kruger Mpumalanga International Airport,Nelspruit,31.1,-25.38,South Africa,ZA
MRA,Misurata Libya,Misurata Airport,Misurata,15.07,32.4,Libyan Arab Jamahiriya,LY
MRQ,Marinduque Philippines,Marinduque Airport,Marinduque,121.82,13.36,Philippines,PH
MRS,Marseille France,Marseille Airport,Marseille,5.22,43.44,France,FR
MSN,Madison(Dane County) WI USA,Dane County Regional Airport,Madison,-89.35,43.14,United States,US
MSP,Minneapolis/St. Paul(Intl) MN USA,Minneapolis-St. Paul International Airport,Minneapolis,-93.21,44.88,United States,US
MSQ,Minsk International Belarus,Minsk International 2 Airport,Minsk,28.03,53.89,Belarus,BY
MSR,Mus Turkey,Mus Airport,Mus,41.63,38.73,Turkey,TR
MST,Maastricht Aachen Airport,Maastricht/Aachen Airport,Maastricht,5.77,50.92,Netherlands,NL
MSU,Maseru Lesotho,Moshoeshoe International Airport,Maseru,27.51,-29.3,Lesotho,LS
MSY,New Orleans(Intl) LA USA,Louis Armstrong International Airport,New Orleans,-90.26,29.98,United States,US
MTR,Monteria Colombia,S. Jeronimo Airport,Monteria,-75.82,8.83,Colombia,CO
MTS,Manzini Swaziland,Matsapha International Airport,Manzini,31.31,-26.52,Swaziland,SZ
MTT,Minatitlan Mexico,Minatitlan Airport,Minatitlan,-94.52,17.98,Mexico,MX
MTY,Monterrey Mexico,Gen Mariano Escobedo Airport,Monterrey,-100.11,25.78,Mexico,MX
MUA,Munda Solomon Is.,Munda Airport,Munda,157.27,-8.33,Solomon Islands,SB
MUC,Munich(Intl) Germany,Franz Josef Strauss Airport,Munich,11.79,48.35,Germany,DE
MUK,Mauke Is. Cook Is. S. Pacific,Mauke Island Airport,Mauke Island,-158.5,-19.33,Cook Islands,CK
MUN,Maturin Venezuela,Quiriquire Airport,Maturin,-63.16,9.75,Venezuela,VE
MUX,Multan Pakistan,Multan Airport,Multan,71.41,30.2,Pakistan,PK
MUZ,Musoma Tanzania,Musoma Airport,Musoma,33.8,-1.5,"Tanzania, United Republic of",TZ
MVD,Montevideo Uruguay,Carrasco Airport,Montevideo,-56.03,-34.84,Uruguay,UY
MWX,Muan Rep. of Korea,Muan International Airport,Gwangju,126.38,34.99,"Korea, Republic of",KR
MWZ,Mwanza Tanzania,Mwanza Airport,Mwanza,32.92,-2.44,"Tanzania, United Republic of",TZ
MXL,Mexicali Mexico,Mexicali Airport,Mexicali,-115.25,32.63,Mexico,MX
MXP,Milan (Malpensa) Italy,Malpensa Airport,Milan,8.71,45.63,Italy,IT
MYJ,Matsuyama Shikoku Japan,Matsuyama Airport,Matsuyama,132.7,33.82,Japan,JP
MYY,Miri Sarawak Malaysia,Miri Airport,Miri,113.98,4.33,Malaysia,MY
MZI,Mopti Mali,Mopti Airport,Mopti,-4.08,14.51,Mali,ML
MZL,Manizales Colombia,Santaguida Airport,Manizales,-75.47,5.03,Colombia,CO
MZO,Manzanillo Cuba,Sierra Maestra Airport,Manzanillo,-77.13,20.32,Cuba,CU
MZR,Mazar-I-Sharif Afghanistan,Mazar-I-Sharif Airport,Mazar-I-Sharif,67.21,36.71,Afghanistan,AF
MZT,Mazatlan Mexico,Gen Rafael Buelna Airport,Mazatlan,-106.27,23.17,Mexico,MX
MZV,Mulu Malaysia,Mulu Airport,Mulu,114.8,4.03,Brunei Darussalam,BN
NAG,Nagpur India,Sonegaon Airport,Nagpur,79.06,21.09,India,IN
NAL,Nalchik Russian Fed.,Nalchik Airport,Nalchik,43.7,43.53,Russian Federation,RU
NAO,Nanchong China,Nanchong Airport,Nanchong,106.07,30.8,China,CN
NAP,Naples(Intl) Italy,Naples Airport,Naples,14.29,40.89,Italy,IT
NAS,Nassau(Intl) Bahamas,Nassau International Airport,Nassau,-77.46,25.05,Bahamas,BS
NAT,Natal RN Brazil,Augusto Severo Airport,Natal,-35.25,-5.92,Brazil,BR
NAY,Beijing(Nanyuan) China,Nanyuan Airport,Beijing,116.59,40.08,China,CN
NBC,Nizhnekamsk Begishevo Russian Fed.,Naberevnye Chelny Airport,Naberevnye Chelny,52.1,55.56,Russian Federation,RU
NBO,Nairobi(Intl) Kenya,Jomo Kenyatta International Airport,Nairobi,36.93,-1.32,Kenya,KE
NBS,Baishan China,,Baishan ,126.42,41.94,China,CN
NBW,Guantanamo Cuba,Guantanamo Naval Air Station,Guantanamo,-75.23,20.17,Cuba,CU
NCE,Nice France,Cote DAzur Airport',Nice,7.21,43.66,France,FR
NCL,Newcastle International England UK,Newcastle Airport,Newcastle,-1.71,55.04,United Kingdom,GB
NCU,Nukus Uzbekistan,Nukus Airport,Nukus,59.63,42.48,Uzbekistan,UZ
NDC,Nanded India,Nanded Airport,Nanded,77.32,19.18,India,IN
NDG,Qiqihar China,Qiqihar Airport,Qiqihar,123.92,47.32,China,CN
NDJ,N'Djamena Chad,Ndjamena Airport,Ndjamena,15.03,12.13,Chad,TD
NDR,Nador Morocco,Nador Airport,Nador,-2.92,35.15,Morocco,MA
NGB,Ningbo China,Ningbo Airport,Ningbo,121.46,29.82,China,CN
NGO,Nagoya(Intl) Japan,Chubu Centrair International Airport,Nagoya,136.81,34.86,Japan,JP
NGS,Nagasaki Japan,Nagasaki Airport,Nagasaki,129.92,32.91,Japan,JP
NHA,Nha-Trang Vietnam,Nha Trang Airport,Nha Trang,109.2,12.23,Vietnam,VN
NIM,Niamey Niger,Niamey Airport,Niamey,2.18,13.48,Niger,NE
NJC,Nizhnevartovsk Russian Fed.,Nizhnevartovsk Airport,Nizhnevartovsk,76.49,60.95,Russian Federation,RU
NJF,AL NAJAF AL ASHRAF INTL IRAQ,,Najaf,-86.9,32.32,United States,US
NKC,Nouakchott Mauritania,Nouakchott Airport,Nouakchott,-15.95,18.1,Mauritania,MR
NKG,Nanjing China,Nanking Airport,Nanking,118.87,31.74,China,CN
NKM,Nagoya(Komaki) Japan,Nagoya/Komaki Airport,Nagoya,136.92,35.25,Japan,JP
NLA,Ndola Zambia,Ndola Airport,Ndola,28.67,-12.99,Zambia,ZM
NLD,Nuevo Laredo Mexico,Quetzalcoatl International Airport,Nuevo Laredo,-99.57,27.43,Mexico,MX
NLV,Mykolaiv International Ukraine,Nikolaev Airport,Nikolaev,31.92,47.05,Ukraine,UA
NMA,Namangan Uzbekistan,Namangan Airport,Namangan,71.6,40.98,Uzbekistan,UZ
NNG,Nanning China,Nanning Airport,Nanning,108.17,22.61,China,CN
NNY,Nanyang China,Nanyang Airport,Nanyang,112.61,32.98,China,CN
NOJ,Noyabrsk,Nojabrxsk Airport,Nojabrxsk,75.29,63.18,Russian Federation,RU
NOV,Huambo Angola,Huambo Airport,Huambo,15.76,-12.81,Angola,AO
NOZ,Novokuznetsk Spichenkovo,Novokuznetsk Airport,Novokuznetsk,87.17,53.75,Russian Federation,RU
NQN,Neuquen NE Argentina,Neuquen Airport,Neuquen,-68.15,-38.95,Argentina,AR
NRN,Dusseldorf (Weeze) Germany,Niederrhein Airport,Dusseldorf,6.15,51.6,Germany,DE
NRT,Tokyo(Narita) Japan,Narita Airport,Tokyo,140.39,35.77,Japan,JP
NSI,Yaounde(Nsimalon) Cameroon,Nsimalen Airport,Yaounde,11.55,3.7,Cameroon,CM
NST,Nakhon Si Thammarat Thailand,Nakhon Si Thammarat Airport,Nakhon Si Thammarat,99.95,8.47,Thailand,TH
NTE,Nantes France,Nantes Atlantique Airport,Nantes,-1.6,47.16,France,FR
NTG,Nantong China,Nantong Airport,Nantong,120.98,32.07,China,CN
NTL,Newcastle(Williamtown) NS Australia,Williamtown Airport,Newcastle,151.84,-32.8,Australia,AU
NUE,Nuremberg Germany,Metropolitan Area Airport,Nuremberg,11.08,49.49,Germany,DE
NUX,Novy Urengoy Russian Fed.,Novyj Urengoj Airport,Novyj Urengoj,76.52,66.07,Russian Federation,RU
NVA,Neiva Colombia,La Marguita Airport,Neiva,-75.3,2.95,Colombia,CO
NVI,Navoi Uzbekistan,Navoi Airport,Navoi,65.16,40.12,Uzbekistan,UZ
NWI,Norwich England UK,Norwich Airport,Norwich,1.28,52.67,United Kingdom,GB
NYO,Stockholm(Skavsta) Sweden,Skavsta Airport,Stockholm,16.92,58.78,Sweden,SE
NZE,Nzerekore Guinea,Nzerekore Airport,Nzerekore,-8.7,7.81,Guinea,GN
NZH,Manzhouli China,Manzhouli Airport,Manzhouli,117.33,49.57,Russian Federation,RU
OAK,Oakland CA USA,Metropolitan Oakland International Airport,Oakland,-122.21,37.71,United States,US
OAX,Oaxaca Mexico,Xoxocotlan Airport,Oaxaca,-96.72,17.0,Mexico,MX
OBO,Obihiro Japan,Obihiro Airport,Obihiro,143.21,42.73,Japan,JP
ODS,Odessa International Ukraine,Odessa-Central Airport,Odessa,30.68,46.44,Ukraine,UA
ODY,Oudomxay Laos,Oudomxay Airport,Oudomxay,104.17,20.58,Lao People's Democratic Republic,LA
OGX,Ouargla Ain el Beida,Ain Beida Airport,Ouargla,5.4,31.92,Algeria,DZ
OGZ,Vladikavkaz Beslan,Vladikavkaz Airport,Vladikavkaz,44.6,43.2,Russian Federation,RU
OIM,Oshima Japan,Oshima Airport,Oshima,139.37,34.78,Japan,JP
OIT,Oita Japan,Oita Airport,Oita,131.73,33.48,Japan,JP
OKA,Okinawa Japan,Naha Airport,Okinawa,127.77,26.37,Japan,JP
OKC,Oklahoma City(Rogers) Oklahama USA,Will Rogers Airport,Oklahoma City,-97.6,35.4,United States,US
OKJ,Okayama Japan,Okayama Airport,Okayama,133.85,34.76,Japan,JP
OMA,Omaha NE USA,Eppley Airfield,Omaha,-95.9,41.3,United States,US
OMR,Oradea Romania,Oradea Airport,Oradea,21.9,47.03,Romania,RO
OMS,Omsk Tsentralny,Omsk Airport,Omsk,73.32,54.96,Russian Federation,RU
ONT,Ontario (Intl) CA USA,Ontario International Airport,Ontario,-117.6,34.06,United States,US
OPO,Porto Portugal,Porto Airport,Porto,-8.67,41.24,Portugal,PT
ORD,Chicago(O'Hare) IL USA,OHare International Airport',Chicago,-87.99,41.98,United States,US
ORF,Norfolk/Va.Bch/Wmbg VA USA,Norfolk International Airport,Norfolk,-76.21,36.9,United States,US
ORK,Cork Ireland,Cork Airport,Cork,-8.49,51.85,Ireland,IE
ORN,Oran Algeria,Es Senia Airport,Oran,-0.61,35.62,Algeria,DZ
ORY,Paris(Orly) France,Orly Field,Paris,2.36,48.73,France,FR
OSI,Osijek Croatia,Osijek Airport,Osijek,18.68,45.55,Croatia,HR
OSM,MOSUL INTERNATIONAL IRAQ,Mosul Airport,Mosul,43.15,36.31,Iraq,IQ
OSR,Ostrava Czech Rep.,Mosnov Airport,Ostrava,18.12,49.7,Czech Republic,CZ
OSS,Osh Kyrgyzstan,Osh Airport,Osh,72.79,40.61,Kyrgyzstan,KG
OSW,Orsk Russian Fed.,Orsk Airport,Orsk,58.57,51.2,Russian Federation,RU
OTP,Bucharest(Henri Coanda) Romania,Otopeni International Airport,Bucharest,26.08,44.57,Romania,RO
OUA,Ouagadougou Burkina Faso,Ouagadougou Airport,Ouagadougou,-1.51,12.36,Burkina Faso,BF
OUD,Oujda Morocco,Les Angades Airport,Oujda,-1.93,34.78,Morocco,MA
OUL,Oulu Finland,Oulu Airport,Oulu,25.38,64.93,Finland,FI
OVB,Novosibirsk Russian Fed.,Tolmachevo Airport,Novosibirsk,82.67,55.01,Russian Federation,RU
OVD,Asturias Spain,Asturias Airport,Asturias,-6.03,43.56,Spain,ES
OYG,Moyo Uganda,Moyo Airport,Moyo,31.72,3.65,Uganda,UG
OZC,Ozamis City Philippines,Labo Airport,Ozamis City,123.85,8.18,Philippines,PH
OZH,Zaporizhia Mokraya Intl Ukraine,Zaporozhye Airport,Zaporozhye,35.32,47.87,Ukraine,UA
PAC,Panama City(Paitilla) Panama,Paitilla Airport,Panama City,-79.22,8.98,Panama,PA
PAD,Paderborn Germany,Paderborn Airport,Paderborn,8.62,51.61,Germany,DE
PAP,Pt. Au Prince Haiti,Mais Gate Airport,Port Au Prince,-72.29,18.58,Haiti,HT
PAT,Patna India,Patna Airport,Patna,85.09,25.59,India,IN
PAZ,Poza Rica Mexico,Tajin Airport,Poza Rica,-97.47,20.52,Mexico,MX
PBC,Puebla Mexico,Huejotsingo Airport,Puebla,-98.37,19.14,Mexico,MX
PBD,Porbandar India,Porbandar Airport,Porbandar,69.66,21.65,India,IN
PBM,Paramaribo (J. Pengel) Surinam,Zanderij International Airport,Paramaribo,-55.19,5.45,Suriname,SR
PCL,Pucallpa Peru,Capitan Rolden Airport,Pucallpa,-74.63,-8.33,Peru,PE
PDG,Padang Indonesia,Tabing Airport,Padang,100.35,-0.88,Indonesia,ID
PDV,Plovdiv Bulgaria,Plovdiv Airport,Plovdiv,24.72,42.3,Bulgaria,BG
PEE,Perm Bolshoye Savino,Perm Airport,Perm,56.02,57.92,Russian Federation,RU
PEG,Perugia Italy,Sant Egidio Airport,Perugia,12.37,43.13,Italy,IT
PEI,Pereira Colombia,Matecana Airport,Pereira,-75.74,4.82,Colombia,CO
PEK,Beijing(Capital) China,Capital Airport,Beijing,116.59,40.08,China,CN
PEN,Penang Malaysia,Penang International Airport,Penang,100.27,5.29,Malaysia,MY
PER,Perth WA Australia,Perth Airport,Perth,115.96,-31.93,Australia,AU
PES,Petrozavodsk Besovets,Petrozavodsk Airport,Petrozavodsk,34.33,61.68,Russian Federation,RU
PET,Pelotas RS Brazil,Federal Airport,Pelotas,-52.32,-31.72,Brazil,BR
PEW,Peshawar Pakistan,Peshawar Airport,Peshawar,71.52,33.99,Pakistan,PK
PEZ,Penza Ternovka,Penza Airport,Penza,45.02,53.12,Russian Federation,RU
PFB,Passo Fundo RS Brazil,Passo Fundo Airport,Passo Fundo,-52.33,-28.25,Brazil,BR
PGF,Perpignan France,Llabanere Airport,Perpignan,2.87,42.74,France,FR
PGH,Pantnagar India,Pantnagar Airport,Pantnagar,79.47,29.03,India,IN
PGK,Pangkalpinang Indonesia,Pangkalpinang Airport,Pangkalpinang,106.14,-2.16,Indonesia,ID
PHC,Pt. Harcourt Nigeria,Port Harcourt Airport,Port Harcourt,6.95,5.01,Nigeria,NG
PHF,Newport News/Wmbg VA USA,Newport News/Williamsburg Airport,Newport News,-76.5,37.13,United States,US
PHG,Port Harcourt City Nigeria,Port Harcourt City Airport,Port Harcourt,6.83,5.03,Nigeria,NG
PHL,Philadelphia(Intl) PA USA,Philadelphia International Airport,Philadelphia,-75.24,39.88,United States,US
PHS,Phitsanulok Thailand,Phitsanulok Airport,Phitsanulok,100.28,16.77,Thailand,TH
PHW,Phalaborwa South Africa,Phalaborwa Airport,Phalaborwa,31.16,-23.93,South Africa,ZA
PHX,Phoenix(Intl) AZ USA,Sky Harbor International Airport,Phoenix,-112.0,33.44,United States,US
PIA,Peoria IL USA,Greater Peoria Airport,Peoria,-89.69,40.67,United States,US
PIE,St. Petersburg(Intl) FL USA,St. Petersburg International Airport,Saint Petersburg,-82.7,27.91,United States,US
PIF,Pingtung Chinese Taipei,Pingtung Airport,Pingtung,120.49,22.71,Taiwan,TW
PIK,Glasgow(Prestwick) Scotland UK,Prestwick Airport,Glasgow,-4.61,55.51,United Kingdom,GB
PIT,Pittsburgh(Intl) PA USA,Pittsburgh International Airport,Pittsburgh,-80.26,40.5,United States,US
PIU,Piura Peru,Piura Airport,Piura,-80.61,-5.2,Peru,PE
PKK,Pakokku Myanmar,Pakokku Airport,Pakokku,95.11,21.34,Myanmar,MM
PKR,Pokhara Nepal,Pokhara Airport,Pokhara,83.99,28.2,Nepal,NP
PKU,Pekanbaru Indonesia,Simpang Tiga Airport,Pekanbaru,101.45,0.46,Indonesia,ID
PKV,Pskov Russian Fed.,Pskov Airport,Pskov,28.3,57.82,Russian Federation,RU
PKY,Palangkaraya Indonesia,Palangkaraya Airport,Palangkaraya,113.95,-2.22,Indonesia,ID
PLD,Playa Samara Costa Rica,Playa Samara Airport,Playa Samara,-85.42,10.25,Costa Rica,CR
PLH,Plymouth England UK,Plymouth Airport,Plymouth,-4.11,50.42,United Kingdom,GB
PLM,Palembang Indonesia,Mahmud Badaruddin Ii Airport,Palembang,104.7,-2.9,Indonesia,ID
PLU,Belo Horizonte(Pamphula) MG Brazil,Pampulha Airport,Belo Horizonte,-43.75,-19.75,Brazil,BR
PLW,Palu Indonesia,Mutiara Airport,Palu,119.91,-0.92,Indonesia,ID
PLX,Semipalatinsk Kazakhstan,Semipalatinsk Airport,Semipalatinsk,80.25,50.33,Kazakhstan,KZ
PLZ,Pt. Elizabeth South Africa,Port Elizabeth Airport,Port Elizabeth,25.61,-33.98,South Africa,ZA
PMC,Puerto Montt Chile,Tepual Airport,Puerto Montt,-73.1,-41.43,Chile,CL
PMF,Milan (Parma) Italy,Parma Airport,Milan,10.33,44.8,Italy,IT
PMI,Palma Mallorca Spain,Palma Mallorca Airport,Palma Mallorca,2.73,39.55,Spain,ES
PMO,Palermo Italy,Punta Raisi Airport,Palermo,13.1,38.19,Italy,IT
PMW,Palmas TO Brazil,Palmas Airport,Palmas,-48.35,-10.24,Brazil,BR
PNA,Pamplona Spain,Pamplona Airport,Pamplona,-1.64,42.77,Spain,ES
PNH,Phnom Penh Cambodia,Pochentong Airport,Phnom Penh,104.85,11.55,Cambodia,KH
PNK,Pontianak Indonesia,Supadio Airport,Pontianak,109.41,-0.15,Indonesia,ID
PNQ,Pune India,Lohegaon Airport,Pune,73.92,18.58,India,IN
PNR,Pointe Noire Congo,Pointe Noire Airport,Pointe Noire,11.88,-4.81,Congo,CG
PNZ,Petrolina PE Brazil,Petrolina Internacional Airport,Petrolina,-40.49,-9.39,Brazil,BR
POA,Porto Alegre RS Brazil,Salgado Filho Airport,Porto Alegre,-51.18,-29.99,Brazil,BR
POG,Pt. Gentil Gabon,Port Gentil Airport,Port Gentil,8.75,-0.72,Gabon,GA
POL,Pemba Mozambique,Pemba Airport,Pemba,40.52,-12.99,Mozambique,MZ
POM,Pt. Moresby Papua New Guinea,Jackson Field,Port Moresby,147.21,-9.44,Papua New Guinea,PG
POP,Puerto Plata Dominican Rep.,La Union Airport,Puerto Plata,-70.56,19.75,Dominican Republic,DO
POZ,Poznan Poland,Lawica Airport,Poznan,16.83,52.41,Poland,PL
PPB,Presidente Prudente SP Brazil,A. De Barros Airport,Presidente Prudente,-51.45,-22.1,Brazil,BR
PPK,Petropavlovsk Kazakhstan,Petropavlovsk Airport,Petropavlovsk,69.18,54.78,Kazakhstan,KZ
PPN,Popayan Colombia,Machangara Airport,Popayan,-76.61,2.45,Colombia,CO
PPS,Puerto Princesa Philippines,Puerto Princesa Airport,Puerto Princesa,118.76,9.74,Philippines,PH
PRG,Prague Czech Rep.,Prague-Ruzyne Airport,Prague,14.27,50.11,Czech Republic,CZ
PSE,Ponce Puerto Rico,Mercedita Airport,Ponce,-66.56,18.01,Puerto Rico,PR
PSO,Pasto Colombia,Cano Airport,Pasto,-77.25,1.47,Colombia,CO
PSR,Pescara Italy,Liberi Airport,Pescara,14.19,42.43,Italy,IT
PSS,Posadas MI Argentina,Posadas Airport,Posadas,-55.97,-27.38,Argentina,AR
PTG,Pietersburg South Africa,Polokwane Airport,Polokwane,29.97,-23.92,South Africa,ZA
PTP,Pointe A Pitre Guadeloupe,Le Raizet Airport,Pointe A Pitre,-61.53,16.27,Guadeloupe,GP
PTY,Panama City(Intl) Panama,Tocumen International Airport,Panama City,-79.39,9.07,Panama,PA
PUB,Pueblo CO USA,Pueblo Memorial Airport,Pueblo,-104.5,38.29,United States,US
PUF,Pau France,Uzein Airport,Pau,-0.41,43.38,France,FR
PUQ,Punta Arenas Chile,Pres Ibanez Airport,Punta Arenas,-70.84,-53.01,Chile,CL
PUS,Busan Rep. of Korea,Gimhae International Airport,Busan,128.95,35.18,"Korea, Republic of",KR
PVD,Providence RI USA,Theodore Francis Green State Airport,Providence,-71.44,41.73,United States,US
PVG,Shanghai (Pu Dong Intl) China,Pu Dong Airport,Shanghai,121.8,31.15,China,CN
PVH,Porto Velho RO Brazil,Belmonte Airport,Porto Velho,-63.9,-8.71,Brazil,BR
PVR,Puerto Vallarta Mexico,Ordaz,Puerto Vallarta,-105.25,20.68,Mexico,MX
PWQ,Pavlodar Kazakhstan,Pavlodar Airport,Pavlodar,77.07,52.18,Kazakhstan,KZ
PXU,Pleiku Vietnam,Pleiku Airport,Pleiku,108.01,14.01,Vietnam,VN
PZB,Pietermaritzburg South Africa,Pietermaritzburg Airport,Pietermaritzburg,30.4,-29.64,South Africa,ZA
PZH,Zhob Pakistan,Zhob Airport,Zhob,69.5,31.33,Pakistan,PK
PZU,Pt. Sudan Sudan,Port Sudan Airport,Port Sudan,37.21,19.58,Sudan,SD
QOW,Owerri Nigeria,,Owerri ,7.2,5.43,Nigeria,NG
QRO,Queretaro Mexico,Queretaro Airport,Queretaro,-100.38,20.6,Mexico,MX
QRW,Warri Nigeria,,Warri ,5.82,5.6,Nigeria,NG
QSF,Setif 8 Mai 45 Algeria,Setif Airport,Setif,5.33,36.18,Algeria,DZ
QSR,Salerno Italy,,Salerno ,14.91,40.62,Italy,IT
RAE,Arar Saudi Arabia,Arar Airport,Arar,41.14,30.9,Saudi Arabia,SA
RAI,Praia Cape Verde,Francisco Mendes Airport,Praia,-23.49,14.95,Cape Verde,CV
RAJ,Rajkot India,Civil Airport,Rajkot,70.78,22.31,India,IN
RAK,Marrakech Morocco,Menara Airport,Marrakech,-8.03,31.6,Morocco,MA
RAO,Ribeirao Preto SP Brazil,Leite Lopes Airport,Ribeirao Preto,-47.77,-21.14,Brazil,BR
RAS,Rasht Sandra-E-Jangal Iran,Rasht Airport,Rasht,49.62,37.32,"Iran, Islamic Republic of",IR
RBA,Rabat Morocco,Sale Airport,Rabat,-6.75,34.04,Morocco,MA
RBR,Rio Branco AC Brazil,Pres. Medici Airport,Rio Branco,-67.8,-9.97,Brazil,BR
RCB,Richards Bay South Africa,Richards Bay Airport,Richards Bay,32.09,-28.74,South Africa,ZA
RCH,Riohacha Colombia,Riohacha Airport,Riohacha,-72.92,11.53,Colombia,CO
RDN,Redang Malaysia,LTS Pulau Redang Airport,Redang,103.01,5.77,Malaysia,MY
RDU,Raleigh/Durham NC USA,Raleigh/Durham Airport,Raleigh/Durham,-78.79,35.87,United States,US
REC,Recife PE Brazil,Guararapes International Airport,Recife,-34.92,-8.13,Brazil,BR
REG,Reggio di Calabria Italy,Tito Menniti Airport,Reggio Calabria,15.65,38.08,Italy,IT
REN,Orenburg Tsentralny Russian Fed.,Orenburg Airport,Orenburg,55.46,51.79,Russian Federation,RU
REP,Siem Reap Cambodia,Siem Reap Airport,Siem Reap,103.82,13.41,Cambodia,KH
RES,Resistencia CH Argentina,Resistencia Airport,Resistencia,-59.05,-27.45,Argentina,AR
REU,Reus Spain,Reus Airport,Reus,1.15,41.15,Spain,ES
REX,Reynosa Mexico,Gen Lucio Blanco Airport,Reynosa,-98.23,26.01,Mexico,MX
RFD,Chicago(Rockford) IL USA,Chicago/Rockford International Airport,Rockford,-89.22,42.3,United States,US
RGN,Yangon Myanmar,Mingaladon Airport,Yangon,96.13,16.9,Myanmar,MM
RGS,Burgos Spain,,Burgos ,-3.62,42.36,Spain,ES
RIA,Santa Maria RS Brazil,Base Aerea Airport,Santa Maria,-53.69,-29.71,Brazil,BR
RIC,Richmond/Wmbg VA USA,Richmond International Airport (Byrd Field),Richmond,-77.32,37.51,United States,US
RIG,Rio Grande RS Brazil,Rio Grande Airport,Rio Grande,-52.17,-32.08,Brazil,BR
RIX,Riga Latvia,Riga Airport,Riga,23.98,56.92,Latvia,LV
RJA,Rajahmundry India,Rajahmundry Airport,Rajahmundry,81.82,17.11,India,IN
RJK,Rijeka Croatia,Rijeka Airport,Rijeka,14.57,45.22,Croatia,HR
RJL,Logrono Spain,Agoncillo Airport,Logrono,-2.32,42.46,Spain,ES
RKV,Reykjavik(Domestic) Iceland,Reykjavik Domestic Airport,Reykjavik,-21.93,64.13,Iceland,IS
RLG,Rostock-Laage Germany,Laage Airport,Rostock-Laage,12.27,53.92,Germany,DE
RMI,Rimini Italy,Miramare Airport,Rimini,12.62,44.02,Italy,IT
RNO,Reno NV USA,Reno/Tahoe International Airport,Reno,-119.78,39.51,United States,US
RNS,Rennes France,St Jacques Airport,Rennes,-1.73,48.07,France,FR
ROB,Monrovia Liberia,Roberts International Airport,Monrovia,-10.36,6.24,Liberia,LR
ROC,Rochester NY USA,Greater Rochester International Airport,Rochester,-77.67,43.13,United States,US
ROO,Rondonopolis MT Brazil,Rondonopolis Airport,Rondonopolis,-54.72,-16.43,Brazil,BR
ROS,Rosario SF Argentina,Fisherton Airport,Rosario,-60.78,-32.93,Argentina,AR
ROV,Rostov Russian Fed.,Rostov Airport,Rostov,39.75,47.25,Russian Federation,RU
RPR,Raipur India,Raipur Airport,Raipur,81.74,21.18,India,IN
RSA,Santa Rosa LP Argentina,Santa Rosa Airport,Santa Rosa,-64.27,-36.57,Argentina,AR
RST,Rochester MN USA,Rochester International Airport,Rochester,-92.49,43.91,United States,US
RTM,Rotterdam Netherlands,Rotterdam The Hague Airport,Rotterdam,4.43,51.95,Netherlands,NL
RTW,Saratov Tsentralny Russian Fed.,Saratov Airport,Saratov,46.07,51.57,Russian Federation,RU
RUA,Arua Uganda,Arua Airport,Arua,30.93,3.03,Uganda,UG
RUD,Shahrud Iran,,Shahrud ,55.1,36.42,"Iran, Islamic Republic of",IR
RUH,Riyadh Saudi Arabia,King Khaled International Airport,Riyadh,46.7,24.96,Saudi Arabia,SA
RUN,St. Denis De La Reunion Ind. Oc.,Gillot Airport,Saint Denis de la Reunion,55.51,-20.89,Reunion,RE
RXS,Roxas City Philippines,Roxas City Airport,Roxas City,122.75,11.6,Philippines,PH
RYK,Rahim Yar Khan Pakistan,Rahim Yar Khan Airport,Rahim Yar Khan,70.29,28.39,Pakistan,PK
RZE,Rzeszow Poland,Jasionka Airport,Rzeszow,22.03,50.12,Poland,PL
SAN,San Diego(Intl) CA USA,San Diego International Airport,San Diego,-117.2,32.73,United States,US
SAP,San Pedro Sula Honduras,Ramon Villeda Morales Airport,San Pedro Sula,-87.93,15.46,Honduras,HN
SAT,San Antonio TX USA,San Antonio International Airport,San Antonio,-98.47,29.52,United States,US
SAV,Savannah/Hilton Head GA USA,Savannah/Hilton Head Airport,Savannah,-81.21,32.14,United States,US
SAW,Istanbul (Sabiha Gokcen) Turkey,Sabiha Gokcen,Istanbul,29.31,40.9,Turkey,TR
SBN,South Bend(Regional) IN USA,South Bend Regional,South Bend,-86.31,41.7,United States,US
SBW,Sibu Sarawak Malaysia,Sibu Airport,Sibu,111.99,2.25,Malaysia,MY
SBZ,Sibiu Romania,Sibiu Airport,Sibiu,24.09,45.79,Romania,RO
SCK,Sacramento(Stockton) CA USA,Stockton Airport,Stockton,-121.24,37.89,United States,US
SCL,Santiago(Intl) Chile,Arturo Merino Benitez Airport,Santiago,-70.79,-33.4,Chile,CL
SCN,Saarbruecken Germany,Ensheim Airport,Saarbruecken,7.11,49.22,Germany,DE
SCO,Aktau Kazakhstan,Aktau Airport,Aktau,51.1,43.87,Kazakhstan,KZ
SCU,Santiago Cuba,Antonio Maceo Airport,Santiago,-75.84,19.97,Cuba,CU
SCV,Suceava Romania,Salcea Airport,Suceava,26.36,47.69,Romania,RO
SCW,Syktyvkar Russian Fed.,Syktyvkar Airport,Syktyvkar,50.77,61.67,Russian Federation,RU
SDD,Lubango Angola,Lubango Airport,Lubango,13.58,-14.92,Angola,AO
SDE,Santiago Del Estero SE Argentina,Santiago Del Estero Airport,Santiago Del Estero,-64.32,-27.77,Argentina,AR
SDF,Louisville KY USA,Louisville International Airport,Louisville,-85.74,38.19,United States,US
SDG,Sanandaj Iran,Sanandaj Airport,Sanandaj,47.01,35.25,"Iran, Islamic Republic of",IR
SDJ,Sendai Japan,Sendai Airport,Sendai,140.92,38.14,Japan,JP
SDK,Sandakan Sabah Malaysia,Sandakan Airport,Sandakan,118.06,5.9,Malaysia,MY
SDQ,Santo Domingo Dominican Rep.,Las Americas Airport,Santo Domingo,-69.68,18.43,Dominican Republic,DO
SDR,Santander Spain,Santander Airport,Santander,-3.82,43.42,Spain,ES
SDU,Rio De Janeiro(Dumont) RJ Brazil,Santos Dumont Airport,Rio De Janeiro,-43.17,-22.91,Brazil,BR
SDV,Tel Aviv-Yafo Sde Dov Israel,Sde-Dov Airport,Tel Aviv-Yafo,34.79,32.1,Israel,IL
SEA,Seattle/Tacoma(Intl) WA USA,Seattle/Tacoma International Airport,Seattle,-122.3,47.44,United States,US
SEB,Sebha Libya,Sebha Airport,Sebha,14.46,27.02,Libyan Arab Jamahiriya,LY
SEN,Southend London Southend England UK,Southend Municipal Airport,Southend,0.7,51.57,United Kingdom,GB
SFA,Sfax Thyna Tunisia,Sfax El Maou Airport,Sfax,10.68,34.72,Tunisia,TN
SFB,Orlando(Sanford) FL USA,Orlando Sanford International Airport,Orlando,-81.24,28.78,United States,US
SFN,Santa Fe SF Argentina,Santa Fe Airport,Santa Fe,-60.82,-31.72,Argentina,AR
SFO,San Francisco(Intl) CA USA,SFO International Airport,San Francisco,-122.39,37.62,United States,US
SGC,Surgut Russian Fed.,Surgut Airport,Surgut,73.41,61.34,Russian Federation,RU
SGF,Springfield MO USA,Springfield-Branson Regional Airport,Springfield,-93.38,37.24,United States,US
SGN,Ho Chi Minh City Vietnam,Ho Chi Minh City Airport,Ho Chi Minh City,106.66,10.81,Vietnam,VN
SHA,Shanghai (Hongqiao Intl) China,Hongqiao Airport,Shanghai,121.34,31.2,China,CN
SHE,Shenyang China,Shenyang Airport,Shenyang,123.43,41.86,China,CN
SHJ,Sharjah U.A. Emirates,Sharjah Airport,Sharjah,55.52,25.32,United Arab Emirates,AE
SHL,Shillong India,Shillong Airport,Shillong,91.88,25.57,India,IN
SHP,Qinhuangdao China,Qinhuangdao Airport,Qinhuangdao,119.5,39.93,China,CN
SHV,Shreveport LA USA,Shreveport Regional Airport,Shreveport,-93.83,32.45,United States,US
SHY,Shinyanga Tanzania,Shinyanga Airport,Shinyanga,33.5,-3.61,"Tanzania, United Republic of",TZ
SIN,Singapore(Changi),Changi Airport,Singapore,103.99,1.36,Singapore,SG
SIP,Simferopol International Ukraine,Simferopol Airport,Simferopol,34.0,45.02,Ukraine,UA
SJC,San Jose Norman Y. Mineta Intl CA USA,Norman Y. Mineta San Jose International Airport,San Jose,-121.93,37.37,United States,US
SJE,San Jose Del Guaviaro Colombia,San Jose Del Gua Airport,San Jose Del Gua,-72.67,2.58,Colombia,CO
SJJ,Sarajevo Intl Bosnia & Herzegovina,Butmir Airport,Sarajevo,18.34,43.83,Bosnia and Herzegovina,BA
SJK,Sao Jose Dos Campos SP Brazil,Sao Jose dos Campos Airport,Sao Jose dos Campos,-46.12,-23.18,Brazil,BR
SJO,San Jose(Santamaria) Costa Rica,Juan Santamaria International Airport,San Jose,-84.2,10.0,Costa Rica,CR
SJP,Sao Jose Do Rio Preto SP Brazil,Sao Jose Do Rio Preto Airport,Sao Jose Do Rio Preto,-49.42,-20.82,Brazil,BR
SJU,San Juan(Intl) Puerto Rico,Luis Munoz Marin International Airport,San Juan,-66.0,18.44,Puerto Rico,PR
SJW,Shijiazhuang China,Daguocun Airport,Shijiazhuang,114.69,38.27,China,CN
SKD,Samarkand Uzbekistan,Samarkand Airport,Samarkand,66.99,39.7,Uzbekistan,UZ
SKG,Thessaloniki Greece,Makedonia Airport,Thessaloniki,22.97,40.52,Greece,GR
SKO,Sokoto Nigeria,Sokoto Airport,Sokoto,5.24,13.01,Nigeria,NG
SKP,Skopje Macedonia,Skopje Airport,Skopje,21.63,41.96,Macedonia,MK
SKT,Sialkot Pakistan,Sialkot Airport,Sialkot,74.5,32.53,Pakistan,PK
SKZ,Sukkur Pakistan,Sukkur Airport,Sukkur,68.8,27.72,Pakistan,PK
SLA,Salta SA Argentina,Gen Belgrano Airport,Salta,-65.48,-24.84,Argentina,AR
SLC,Salt Lake City UT USA,Salt Lake City International Airport,Salt Lake City,-111.98,40.79,United States,US
SLL,Salalah Oman,Salalah Airport,Salalah,54.11,17.04,Oman,OM
SLM,Salamanca Spain,Matacan Airport,Salamanca,-5.65,40.97,Spain,ES
SLP,San Luis Potosi Mexico,San Luis Potosi Airport,San Luis Potosi,-100.94,22.26,Mexico,MX
SLV,Simla India,Simla Airport,Simla,77.15,31.12,India,IN
SLW,Saltillo Mexico,Saltillo Airport,Saltillo,-100.92,25.55,Mexico,MX
SMF,Sacramento(Metro) CA USA,Sacramento International Airport,Sacramento,-121.59,38.69,United States,US
SMR,Santa Marta Colombia,Simon Bolivar Airport,Santa Marta,-74.23,11.12,Colombia,CO
SNA,Santa Ana(J.Wayne) CA USA,John Wayne Airport,Santa Ana,-117.86,33.68,United States,US
SNO,Sakon Nakhon Thailand,Sakon Nakhon Airport,Sakon Nakhon,104.1,17.28,Thailand,TH
SOC,Solo City Indonesia,Adi Sumarmo Airport,Solo City,110.75,-7.52,Indonesia,ID
SOF,Sofia Bulgaria,Vrazhdebna Airport,Sofia,23.41,42.69,Bulgaria,BG
SOQ,Sorong Indonesia,Jefman Airport,Sorong,131.29,-0.89,Indonesia,ID
SOU,Southampton England UK,Southampton Airport,Southampton,-1.36,50.95,United Kingdom,GB
SPI,Springfield IL USA,Capital Airport,Springfield,-89.68,39.84,United States,US
SPS,Wichita Falls TX USA,Sheppard Air Force Base,Wichita Falls,-98.49,33.99,United States,US
SPU,Split Croatia,Split Airport,Split,16.3,43.54,Croatia,HR
SRE,Sucre Bolivia,Sucre Airport,Sucre,-65.3,-19.01,Bolivia,BO
SRG,Semarang Indonesia,Achmad Uani Airport,Semarang,110.38,-6.98,Indonesia,ID
SRX,Sert Libya,Sert Airport,Sert,16.61,31.06,Libyan Arab Jamahiriya,LY
SRZ,Santa Cruz Bolivia,El Trompillo Airport,Santa Cruz,-63.17,-17.8,Bolivia,BO
SSA,Salvador BA Brazil,Airport Luis E. Magalhaes,Salvador,-38.34,-12.91,Brazil,BR
SSE,Sholapur India,Sholapur Airport,Sholapur,75.93,17.63,India,IN
SSG,Malabo Equatorial Guinea,Santa Isabel Airport,Malabo,8.72,3.76,Equatorial Guinea,GQ
STG,St. George Is. AK USA,St. George Island Airport,Saint George Island,-169.55,56.6,United States,US
STI,Santiago Dominican Rep.,Santiago Municipal Airport,Santiago,-70.6,19.4,Dominican Republic,DO
STL,St. Louis(Intl) MO USA,Lambert-St. Louis International Airport,Saint Louis,-90.37,38.74,United States,US
STM,Santarem Maestro Wilson Fonseca Brazil,Eduardo Gomes Airport,Santarem,-54.79,-2.42,Brazil,BR
STN,London(Stansted) England UK,Stansted Airport,London,0.26,51.89,United Kingdom,GB
STR,Stuttgart Germany,Echterdingen Airport,Stuttgart,9.19,48.69,Germany,DE
STS,Santa Rosa CA USA,Sonoma County Airport,Santa Rosa,-122.81,38.51,United States,US
STV,Surat India,Surat Gujarat Airport,Surat Gujarat,73.92,29.3,India,IN
STW,Stavropol Shpakovskoye Russian Fed.,Stavropol Airport,Stavropol,42.01,45.33,Russian Federation,RU
SUB,Surabaya Indonesia,Juanda Airport,Surabaya,112.78,-7.38,Indonesia,ID
SUJ,Satu Mare Romania,Satu Mare Airport,Satu Mare,22.88,47.7,Romania,RO
SUV,Suva Fiji,Nausori Airport,Suva,178.56,-18.05,Fiji,FJ
SVG,Stavanger Norway,Sola Airport,Stavanger,5.63,58.88,Norway,NO
SVO,Moscow(Sheremetyevo) Russian Fed.,Sheremetyevo Airport,Moscow,37.42,55.97,Russian Federation,RU
SVP,Kuito Angola,Kuito Airport,Kuito,16.96,-12.4,Angola,AO
SVQ,Seville Spain,Sevilla Airport,Sevilla,-5.9,37.42,Spain,ES
SVX,Yekaterinburg Koltsovo Russian Fed.,Ekaterinburg Airport,Ekaterinburg,60.8,56.75,Russian Federation,RU
SWA,Shantou China,Shantou Airport,Shantou,116.76,23.43,China,CN
SXB,Strasbourg (Intl) France,Entzheim Airport,Strasbourg,7.63,48.54,France,FR
SXF,Berlin(Schoenefeld) Germany,Schoenefeld Airport,Berlin,13.52,52.37,Germany,DE
SXV,Salem India,Salem Airport,Salem,78.17,11.65,India,IN
SYD,Sydney(Intl) NS Australia,Kingsford Smith Airport,Sydney,151.18,-33.93,Australia,AU
SYJ,Sirjan Iran,Sirjan Airport,Sirjan,55.66,29.55,"Iran, Islamic Republic of",IR
SYM,Simao China,Simao Airport,Simao,100.96,22.8,China,CN
SYQ,San Jose(Bolanos) Costa Rica,Tobias Bolanos International Airport,San Jose,-84.13,9.95,Costa Rica,CR
SYR,Syracuse NY USA,Hancock International Airport,Syracuse,-76.11,43.11,United States,US
SYX,Sanya China,Sanya Airport,Sanya,109.41,18.31,China,CN
SYZ,Shiraz Shahid Dastghaib Intl Iran,Shiraz Airport,Shiraz,52.59,29.55,"Iran, Islamic Republic of",IR
SZB,Kuala Lumpur(Sultan Shah) Malaysia,Sultan Abdul Aziz Shah Airport,Kuala Lumpur,101.56,3.13,Malaysia,MY
SZF,Samsun(Carsamba) Turkey,Carsamba Airport,Samsun,36.56,41.26,Turkey,TR
SZG,Salzburg Austria,W. A. Mozart Airport,Salzburg,13.0,47.79,Austria,AT
SZX,Shenzhen China,Shenzhen Airport,Shenzhen,113.93,22.3,Hong Kong,HK
SZZ,Szczecin Poland,Goleniow Airport,Szczecin,14.89,53.59,Poland,PL
TAE,Daegu Rep. of Korea,Daegu Airport,Daegu,128.64,35.9,"Korea, Republic of",KR
TAK,Takamatsu Japan,Takamatsu Airport,Takamatsu,134.02,34.22,Japan,JP
TAM,Tampico Mexico,Gen F Javier Mina Airport,Tampico,-97.87,22.29,Mexico,MX
TAO,Qingdao China,Qingdao Airport,Qingdao,120.38,36.27,China,CN
TAP,Tapachula Mexico,Tapachula International Airport,Tapachula,-92.25,14.91,Mexico,MX
TAS,Tashkent(Vostochny) Uzbekistan,Yuzhny Airport,Tashkent,69.27,41.26,Uzbekistan,UZ
TAY,Tatu Estonia,Tartu Airport,Tartu,26.73,58.33,Estonia,EE
TBO,Tabora Tanzania,Tabora Airport,Tabora,32.84,-5.07,"Tanzania, United Republic of",TZ
TBS,Tbilisi (Intl) Georgia,Novo Alexeyevka Airport,Tbilisi,44.96,41.67,Georgia,GE
TBW,Tambov Donskoye Russian Fed.,Tambov Airport,Tambov,41.43,52.72,Russian Federation,RU
TBZ,Tabriz International Iran,Tabriz Airport,Tabriz,46.24,38.12,"Iran, Islamic Republic of",IR
TCG,Tacheng China,Tacheng Airport,Tacheng,83.33,46.67,China,CN
TCQ,Tacna Peru,Tacna Airport,Tacna,-70.28,-18.06,Peru,PE
TCR,Tuticorin India,Tuticorin Airport,Tuticorin,78.03,8.72,India,IN
TDX,Trat Thailand,Trat Airport,Trat,102.32,12.27,Thailand,TH
TEE,Tbessa Algeria,Tebessa Airport,Tebessa,8.15,35.47,Algeria,DZ
TEN,Tongren China,Tongren Airport,Tongren,109.05,27.63,China,CN
TEQ,Tekirdag Turkey,Corlu Airport,Tekirdag,27.5,40.97,Turkey,TR
TET,Tete Mozambique,Matundo Airport,Tete,33.64,-16.1,Mozambique,MZ
TFN,Tenerife(Norte) Canary Is.,Norte Los Rodeos Airport,Tenerife,-16.35,28.49,Spain,ES
TFS,Tenerife Sur Canary Is.,Sur Reina Sofia Airport,Tenerife,-16.57,28.04,Spain,ES
TGD,Podgorica Montenegro,Podgorica Airport,Podgorica,19.25,42.37,Montenegro,ME
TGG,Kuala Terengganu Malaysia,Sultan Mahmood Airport,Kuala Terengganu,103.11,5.38,Malaysia,MY
TGM,Tirgu Mures Romania,Tirgu Mures Airport,Tirgu Mures,24.53,46.53,Romania,RO
TGO,Tongliao China,Tongliao Airport,Tongliao,122.2,43.56,China,CN
TGU,Tegucigalpa Honduras,Toncontin Airport,Tegucigalpa,-87.22,14.06,Honduras,HN
TGZ,Tuxtla Gutierrez Mexico,Angel Albino Corzo International Airport,Tuxtla Gutierrez,-93.02,16.56,Mexico,MX
THE,Teresina PI Brazil,Teresina Airport,Teresina,-42.82,-5.06,Brazil,BR
THQ,Tianshui China,,Tianshui ,105.86,34.56,China,CN
THR,Tehran(Mehrabad Intl) Iran,Mehrabad Airport,Tehran,51.32,35.69,"Iran, Islamic Republic of",IR
TIA,Tirana Nene Tereza Intl Albania,Rinas Airport,Tirana,19.71,41.42,Albania,AL
TID,Tiaret Bou Chekif Algeria,Bouchekif Airport,Tiaret,1.35,35.47,Algeria,DZ
TIF,Taif Saudi Arabia,Taif Airport,Taif,40.55,21.48,Saudi Arabia,SA
TIJ,Tijuana Mexico,Rodriguez Airport,Tijuana,-116.97,32.55,Mexico,MX
TIP,Tripoli Libya,Tripoli International Airport,Tripoli,13.14,32.67,Libyan Arab Jamahiriya,LY
TIR,Tirupati India,Tirupati Airport,Tirupati,79.54,13.64,India,IN
TJA,Tarija Bolivia,Tarija Airport,Tarija,-64.75,-21.55,Bolivia,BO
TJM,Tyumen Roshchino Russian Fed.,Tyumen Airport,Tyumen,65.35,57.18,Russian Federation,RU
TKG,Bandar Lampung Indonesia,Branti Airport,Bandar Lampung,105.18,-5.24,Indonesia,ID
TKQ,Kigoma Tanzania,Kigoma Airport,Kigoma,29.67,-4.88,"Tanzania, United Republic of",TZ
TKS,Tokushima Japan,Tokushima Airport,Tokushima,134.59,34.14,Japan,JP
TKU,Turku Finland,Turku Airport,Turku,22.28,60.51,Finland,FI
TLC,Mexico City (Toluca) Mexico,Toluca Airport,Toluca,-99.67,19.28,Mexico,MX
TLE,Tulear Madagascar,Tulear Airport,Tulear,43.72,-23.39,Madagascar,MG
TLH,Tallahassee FL USA,Tallahassee Regional Airport,Tallahassee,-84.34,30.4,United States,US
TLL,Tallinn Estonia,Ulemiste Airport,Tallinn,24.8,59.42,Estonia,EE
TLM,Tlemcen Zenata-Messali El Hadj Algeria,Zenata Airport,Tlemcen,-1.45,35.02,Algeria,DZ
TLN,Toulon/Hyeres France,Hyeres Airport,Toulon,6.16,43.09,France,FR
TLS,Toulouse France,Blagnac Airport,Toulouse,1.37,43.63,France,FR
TLV,Tel Aviv(Ben Gurion) Israel,Ben Gurion International Airport,Tel Aviv-Yafo,34.87,32.0,Israel,IL
TMJ,Termez Uzbekistan,Termez Airport,Termez,67.32,37.28,Uzbekistan,UZ
TML,Tamale Ghana,Tamale Airport,Tamale,-0.88,9.41,Ghana,GH
TMM,Tamatave Madagascar,Tamatave Airport,Tamatave,49.39,-18.11,Madagascar,MG
TMP,Tampere Finland,Tampere-Pirkkala Airport,Tampere,23.62,61.42,Finland,FI
TMS,Sao Tome Is.,Sao Tome Island Airport,Sao Tome Island,6.72,0.38,Sao Tome and Principe,ST
TNA,Jinan China,Jinan Airport,Jinan,117.21,36.86,China,CN
TNG,Tangier Morocco,Boukhalef Airport,Tangier,-5.91,35.73,Morocco,MA
TNJ,Tanjung Pinang Indonesia,Kidjang Airport,Tanjung Pinang,104.54,0.92,Indonesia,ID
TNN,Tainan Chinese Taipei,Tainan Airport,Tainan,120.22,22.95,Taiwan,TW
TNR,Antananarivo Madagascar,Antananarivo Airport,Antananarivo,47.48,-18.8,Madagascar,MG
TOF,Tomsk Bogashevo Russian Fed.,Tomsk Airport,Tomsk,84.97,56.5,Russian Federation,RU
TOL,Toledo OH USA,Express Airport,Toledo,-83.81,41.59,United States,US
TOM,Tombouctou Mali,Tombouctou Airport,Tombouctou,-3.01,16.73,Mali,ML
TOY,Toyama Japan,Toyama Airport,Toyama,137.19,36.64,Japan,JP
TPA,Tampa(Intl) FL USA,Tampa International Airport,Tampa,-82.54,27.98,United States,US
TPE,Taipei(Taoyuan Intl) Chinese Taipei,Taiwan Taoyuan International Airport,Taipei,121.22,25.08,Taiwan,TW
TPP,Tarapoto Peru,Tarapoto Airport,Tarapoto,-76.4,-6.51,Peru,PE
TPQ,Tepic Mexico,Tepic Airport,Tepic,-104.9,21.5,Mexico,MX
TRC,Torreon Mexico,Torreon Airport,Torreon,-103.4,25.56,Mexico,MX
TRD,Trondheim Norway,Vaernes Airport,Trondheim,10.92,63.45,Norway,NO
TRF,Oslo(Sandefjord-Torp) Norway,Sandefjord Airport,Oslo,10.25,59.18,Norway,NO
TRG,Tauranga New Zealand,Tauranga Airport,Tauranga,176.2,-37.67,New Zealand,NZ
TRI,Tri-City Airport TN USA,Tri-Cities Regional,Tri-City,-82.41,36.48,United States,US
TRN,Turin Italy,Citta Di Torino Airport,Turin,7.64,45.19,Italy,IT
TRS,Trieste Italy,Dei Legionari Airport,Trieste,13.49,45.82,Italy,IT
TRU,Trujillo Peru,Trujillo Airport,Trujillo,-79.11,-8.09,Peru,PE
TRV,Thiruvananthapuram India,Trivandrum International Airport,Thiruvananthapuram,76.92,8.48,India,IN
TRZ,Tiruchirapally India,Civil Airport,Tiruchirappalli,78.71,10.76,India,IN
TSA,Taipei(Sung Shan) Chinese Taipei,Sung Shan Airport,Taipei,121.55,25.06,Taiwan,TW
TSE,Astana Kazakhstan,Astana Airport,Astana,71.46,51.03,Kazakhstan,KZ
TSF,Venice (Treviso) Italy,Treviso Airport,Venice,12.21,45.66,Italy,IT
TSN,Tianjin China,Tianjin Airport,Tianjin,117.34,39.12,China,CN
TSR,Timisoara Traian Vuia Romania,Timisoara Airport,Timisoara,21.32,45.81,Romania,RO
TSV,Townsville QL Australia,Townsville Airport,Townsville,146.77,-19.26,Australia,AU
TTE,Ternate Indonesia,Babullah Airport,Ternate,127.4,0.8,Indonesia,ID
TTJ,Tottori Japan,Tottori Airport,Tottori,134.17,35.53,Japan,JP
TTT,Taitung Chinese Taipei,Taitung Airport,Taitung,121.1,22.75,Taiwan,TW
TUC,Tucuman TU Argentina,Benj Matienzo Airport,Tucuman,-65.2,-26.83,Argentina,AR
TUF,Tours France,St Symphorien Airport,Tours,0.73,47.43,France,FR
TUG,Tuguegarao Philippines,Tuguegarao Airport,Tuguegarao,121.73,17.64,Philippines,PH
TUL,Tulsa OK USA,Tulsa International Airport,Tulsa,-95.89,36.19,United States,US
TUS,Tucson AZ USA,Tucson International Airport,Tucson,-110.94,32.12,United States,US
TUU,Tabuk Saudi Arabia,Tabuk Airport,Tabuk,36.61,28.38,Saudi Arabia,SA
TWB,Toowoomba QL Australia,Toowoomba Airport,Toowoomba,151.91,-27.54,Australia,AU
TWU,Tawau Sabah Malaysia,Tawau Airport,Tawau,117.88,4.26,Malaysia,MY
TXL,Berlin(Tegel) Germany,Tegel Airport,Berlin,13.29,52.55,Germany,DE
TXN,Tunxi China,Tunxi Airport,Tunxi,118.26,29.73,China,CN
TYN,Taiyuan China,Taiyuan Airport,Taiyuan,112.63,37.75,China,CN
TYS,Knoxville TN USA,Mc Ghee Tyson Airport,Knoxville,-83.99,35.81,United States,US
TZX,Trabzon Turkey,Trabzon Airport,Trabzon,39.78,40.99,Turkey,TR
UAQ,San Juan SJ Argentina,San Juan Airport,San Juan,-68.52,-31.55,Argentina,AR
UAS,Samburu Kenya,Samburu Airport,Samburu,37.55,0.47,Kenya,KE
UBA,Uberaba MG Brazil,Uberaba Airport,Uberaba,-47.96,-19.78,Brazil,BR
UBJ,Ube Japan,Ube Airport,Ube,131.27,33.93,Japan,JP
UBP,Ubon Ratchathani Thailand,Muang Ubon Airport,Ubon Ratchathani,104.87,15.25,Thailand,TH
UCT,Ukhta Russian Fed.,Ukhta Airport,Ukhta,53.8,63.57,Russian Federation,RU
UDI,Uberlandia MG Brazil,Eduardo Gomes Airport,Uberlandia,-48.23,-18.9,Brazil,BR
UDJ,Uzhhorod International Ukraine,Uzhgorod Airport,Uzhgorod,22.27,48.64,Ukraine,UA
UDR,Udaipur India,Dabok Airport,Udaipur,73.89,24.62,India,IN
UEL,Quelimane Mozambique,Quelimane Airport,Quelimane,36.87,-17.85,Mozambique,MZ
UET,Quetta Pakistan,Quetta Airport,Quetta,66.95,30.25,Pakistan,PK
UFA,Ufa Russian Fed.,Ufa Airport,Ufa,55.88,54.57,Russian Federation,RU
UGC,Urgench Uzbekistan,Urgench Airport,Urgench,60.63,41.58,Uzbekistan,UZ
UIB,Quibdo Colombia,Quibdo Airport,Quibdo,-76.64,5.69,Colombia,CO
UIH,Quinhon Vietnam,Qui Nhon Airport,Qui Nhon,109.23,13.77,Vietnam,VN
UIO,Quito Ecuador,Mariscal Sucre Airport,Quito,-78.49,-0.15,Ecuador,EC
UKB,Osaka(Kobe) Japan,Kobe Airport,Kobe,135.23,34.64,Japan,JP
UKK,Ust-Kamenogorsk Kazakhstan,Ust-Kamenogorsk Airport,Ust-Kamenogorsk,82.51,50.03,Kazakhstan,KZ
ULG,Ulgit Mongolia,Ulgit Airport,Ulgit,89.97,48.97,Mongolia,MN
ULN,Ulaanbaatar Mongolia,Chinggis Khaan International Airport,Ulaanbaatar,106.76,47.85,Mongolia,MN
ULU,Gulu Uganda,Gulu Airport,Gulu,32.3,2.78,Uganda,UG
ULY,Ulyanovsk Vostochny Russian Fed.,Ulyanovsk Airport,Ulyanovsk,48.22,54.27,Russian Federation,RU
UND,Kunduz Afghanistan,Kunduz Airport,Kunduz,68.91,36.66,Afghanistan,AF
UPB,Havana(Playa Baracoa) Cuba,Playa Baracoa Airport,Havana,-82.58,23.03,Cuba,CU
UPG,Ujung Pandang Indonesia,Hasanudin Airport,Ujung Pandang,119.55,-5.06,Indonesia,ID
UPN,Uruapan Mexico,Uruapan Airport,Uruapan,-102.05,19.41,Mexico,MX
URA,Uralsk Kazakhstan,Uralsk Airport,Uralsk,51.54,51.15,Kazakhstan,KZ
URC,Urumqi China,Urumqi Airport,Urumqi,87.48,43.9,China,CN
URG,Uruguaiana RS Brazil,Ruben Berta Airport,Uruguaiana,-57.04,-29.78,Brazil,BR
URT,Surat Thani Thailand,Surat Thani Airport,Surat Thani,99.14,9.13,Thailand,TH
USN,Ulsan Rep. of Korea,Ulsan Airport,Ulsan,129.36,35.59,"Korea, Republic of",KR
USQ,Usak Turkey,Usak Airport,Usak,29.47,38.68,Turkey,TR
UTH,Udon Thani Thailand,Udon Thani Airport,Udon Thani,102.77,17.39,Thailand,TH
UUD,Ulan-Ude Mukhino Russian Fed.,Ulan-Ude Airport,Ulan-Ude,107.5,51.83,Russian Federation,RU
UUS,Yuzhno-Sakhalinsk Khomutovo Russian Fed.,Yuzhno-Sakhalinsk Airport,Yuzhno-Sakhalinsk,142.75,46.97,Russian Federation,RU
UYL,Nyala Sudan,Nyala Airport,Nyala,24.89,12.07,Sudan,SD
UYN,Yulin China,Yulin Airport,Yulin,109.73,38.27,China,CN
VAN,Van Ferit Melen Turkey,Van Airport,Van,43.33,38.46,Turkey,TR
VAR,Varna Bulgaria,Varna Airport,Varna,27.83,43.24,Bulgaria,BG
VAS,Sivas Turkey,Sivas Airport,Sivas,36.9,39.81,Turkey,TR
VBS,Verona(Brescia) Italy,Montichiari Airport,Brescia,10.33,45.43,Italy,IT
VCA,Can Tho Vietnam,Can Tho Airport,Can Tho,105.77,10.05,Vietnam,VN
VCE,Venice Italy,Marco Polo Airport,Venice,12.34,45.5,Italy,IT
VCP,Sao Paulo(Viracopos) SP Brazil,Viracopos Airport,Campinas,-47.14,-23.01,Brazil,BR
VDC,Vitoria Da Conquista BA Brazil,Vitoria Da Conquista Airport,Vitoria Da Conquista,-40.87,-14.88,Brazil,BR
VER,Veracruz Mexico,Las Bajadas Airport,Veracruz,-96.18,19.14,Mexico,MX
VGA,Vijayawada India,Vijayawada Airport,Vijayawada,80.8,16.53,India,IN
VGO,Vigo Spain,Vigo Airport,Vigo,-8.63,42.22,Spain,ES
VIE,Vienna Austria,Vienna International Airport,Vienna,16.56,48.12,Austria,AT
VII,Vinh City Vietnam,Vinh City Airport,Vinh City,105.63,18.7,Vietnam,VN
VIS,Visalia CA USA,Visalia Airport,Visalia,-119.39,36.32,United States,US
VIT,Vitoria Spain,Vitoria Airport,Vitoria,-2.5,42.83,Spain,ES
VIX,Vitoria ES Brazil,Eurico Sales Airport,Vitoria,-40.29,-20.26,Brazil,BR
VKG,Rachgia Vietnam,Rach Gia Airport,Rach Gia,105.08,10.08,Vietnam,VN
VKO,Moscow(Vnukovo Intl) Russian Fed.,Vnukovo Airport,Moscow,37.29,55.6,Russian Federation,RU
VLC,Valencia Spain,Valencia Airport,Valencia,-0.47,39.49,Spain,ES
VLL,Valladolid Spain,Valladolid Airport,Valladolid,-4.84,41.71,Spain,ES
VLN,Valencia Venezuela,Valencia Airport,Valencia,-67.92,10.15,Venezuela,VE
VNO,Vilnius Lithuania,Vilnius Airport,Vilnius,25.28,54.64,Lithuania,LT
VNS,Varanasi India,Varanasi Airport,Varanasi,82.85,25.45,India,IN
VOG,Volgograd Gumrak Russian Fed.,Volgograd Airport,Volgograd,44.35,48.79,Russian Federation,RU
VOZ,Voronezh Chertovitskoye Russian Fed.,Voronezh Airport,Voronezh,39.23,51.81,Russian Federation,RU
VPY,Chimoio Mozambique,Chimoio Airport,Chimoio,33.48,-19.13,Mozambique,MZ
VRN,Verona (Villafranca) Italy,Verona Airport,Verona,10.91,45.4,Italy,IT
VSA,Villahermosa Mexico,Capitan Carlos Perez Airport,Villahermosa,-92.82,17.99,Mexico,MX
VSG,Luhansk International Ukraine,Lugansk Airport,Lugansk,39.33,48.57,Ukraine,UA
VST,Stockhom(Vasteras) Sweden,Vasteras/Hasslo Airport,Stockholm,16.63,59.59,Sweden,SE
VTE,Vientiane Laos,Wattay,Vientiane,102.57,17.98,Thailand,TH
VTU,Las Tunas Cuba,Las Tunas Airport,Las Tunas,-76.95,20.97,Cuba,CU
VTZ,Vishakhapatnam India,Vishakhapatnam Airport,Vishakhapatnam,83.23,17.73,India,IN
VUP,Valledupar Colombia,Valledupar Airport,Valledupar,-73.25,10.44,Colombia,CO
VVC,Villavicencio Colombia,La Vanguardia Airport,Villavicencio,-73.57,4.08,Colombia,CO
VVI,Santa Cruz(Intl) Bolivia,Viru Viru International Airport,Santa Cruz,-63.14,-17.65,Bolivia,BO
VVO,Vladivostok Knevichi Russian Fed.,Vladivostok Airport,Vladivostok,132.14,43.38,Russian Federation,RU
VXC,Lichinga Mozambique,Lichinga Airport,Lichinga,35.25,-13.28,Mozambique,MZ
WAW,Warsaw(F. Chopin) Poland,Frederic Chopin Airport,Warsaw,20.97,52.17,Poland,PL
WEF,Weifang China,Weifang Airport,Weifang,119.11,36.64,China,CN
WEH,Weihai China,Weihai Airport,Weihai,122.24,37.19,China,CN
WIL,Nairobi(Wilson) Kenya,Wilson Airport,Nairobi,36.81,-1.32,Kenya,KE
WJU,Won-Ju Rep. of Korea,Wonju Airport,Wonju,127.95,37.43,"Korea, Republic of",KR
WLG,Wellington New Zealand,Wellington International Airport,Wellington,174.81,-41.33,New Zealand,NZ
WNP,Naga Philippines,Naga Airport,Naga,123.27,13.59,Philippines,PH
WNS,Nawab Shah Pakistan,Nawabshah Airport,Nawabshah,68.39,26.22,Pakistan,PK
WNZ,Wenzhou China,Wenzhou Airport,Wenzhou,120.85,27.92,China,CN
WRO,Wroclaw Poland,Strachowice Airport,Wroclaw,16.9,51.1,Poland,PL
WUH,Wuhan China,Wuhan Airport,Wuhan,114.21,30.78,China,CN
WUS,Wuyishan China,Fujian Province Airport,Wuyishan,117.97,27.72,China,CN
WUX,Wuxi China,Wuxi Airport,Wuxi,120.42,31.49,China,CN
WUZ,Wuzhou China,Changzhoudao Airport,Wuzhou,111.25,23.46,China,CN
WXN,Wanxian China,Wanxian Airport,Wanxian,108.43,30.8,China,CN
XAP,Chapeco SC Brazil,Chapeco Airport,Chapeco,-52.63,-27.09,Brazil,BR
XBJ,Birjand Iran,Birjand Airport,Birjand,59.25,32.9,"Iran, Islamic Republic of",IR
XFN,Xiangfan China,Xiangfan Airport,Xiangfan,112.29,32.15,China,CN
XIC,Xichang China,Xichang Airport,Xichang,102.19,27.98,China,CN
XIL,Xilinhot China,Xilinhot Airport,Xilinhot,115.96,43.92,China,CN
XIY,Xi An(Xianyang) China,Xianyang Airport,Xian,108.76,34.44,China,CN
XMN,Xiamen China,Xiamen Airport,Xiamen,118.13,24.54,China,CN
XNN,Xining China,Xining Airport,Xining,102.04,36.53,China,CN
XRY,Jerez De La Frontera Spain,La Parra Airport,Jerez De La Frontera,-6.06,36.75,Spain,ES
XUZ,Xuzhou China,Xuzhou Airport,Xuzhou,117.55,34.05,China,CN
YBP,Yibin China,Yibin Airport,Yibin,104.54,28.8,China,CN
YCU,Yun Cheng China,Zhangxiao,Yuncheng,110.99,35.02,China,CN
YEG,Edmonton(Intl) AB Canada,Edmonton International Airport,Edmonton,-113.58,53.31,Canada,CA
YES,Yasouj Iran,Yasouj Airport,Yasouj,51.55,30.7,"Iran, Islamic Republic of",IR
YGJ,Yonago Japan,Miho Airport,Yonago,133.24,35.5,Japan,JP
YGK,Kingston ON Canada,Kingston Airport,Kingston,-76.59,44.22,Canada,CA
YHM,Hamilton(Munro Intl) ON Canada,Hamilton Airport,Hamilton,-79.93,43.16,Canada,CA
YHU,Montreal(St.Hubert) QC Canada,St. Hubert Airport,Montreal,-73.6,45.5,Canada,CA
YHZ,Halifax(Intl) NS Canada,Halifax International Airport,Halifax,-63.51,44.88,Canada,CA
YIH,Yichang China,Yichang Airport,Yichang,111.48,30.55,China,CN
YIN,Yining China,Yining Airport,Yining,81.33,43.95,China,CN
YIW,Yiwu China,Yiwu Airport,Yiwu,120.03,29.34,China,CN
YKF,Kitchener/Waterloo ON Canada,Kitchener-Waterloo Regional Airport,Kitchener,-80.48,43.45,Canada,CA
YKS,Yakutsk Russian Fed.,Yakutsk Airport,Yakutsk,129.75,62.09,Russian Federation,RU
YLH,Lansdowne House ON Canada,Lansdowne House Airport,Lansdowne House,-87.93,52.18,Canada,CA
YLW,Kelowna BC Canada,Kelowna Airport,Kelowna,-119.38,49.95,Canada,CA
YNB,Yanbo Saudi Arabia,Yanbu Airport,Yanbu,38.06,24.14,Saudi Arabia,SA
YNJ,Yanji China,Yanji Airport,Yanji,129.44,42.89,China,CN
YNT,Yantai China,Laishan Airport,Yantai,121.37,37.41,China,CN
YNZ,Yancheng China,Yancheng Airport,Yancheng,120.13,33.39,China,CN
YOW,Ottawa ON Canada,Ottawa/Macdonald-Cartier International Airport,Ottawa,-75.67,45.32,Canada,CA
YQB,Quebec City QC Canada,Quebec Airport,Quebec,-71.38,46.79,Canada,CA
YQG,Windsor ON Canada,Windsor Airport,Windsor,-82.96,42.27,Canada,CA
YQR,Regina SK Canada,Regina Airport,Regina,-104.66,50.43,Canada,CA
YQT,Thunder Bay ON Canada,Thunder Bay Airport,Thunder Bay,-89.31,48.37,Canada,CA
YSB,Sudbury ON Canada,Sudbury Airport,Sudbury,-80.8,46.62,Canada,CA
YSJ,Saint John NB Canada,Saint John Airport,Saint John,-65.89,45.33,Canada,CA
YTZ,Toronto(City Centre) ON Canada,Toronto City Centre Airport,Toronto,-79.4,43.63,Canada,CA
YUD,Umiujaq QC Canada,Umiujag Airport,Umiujag,-76.55,56.55,Canada,CA
YUL,Montreal(P.E. Trudeau) QC Canada,Pierre Elliott Trudeau International Airport,Montreal,-73.75,45.46,Canada,CA
YUS,Yushu Xian China,,Yushu ,97.13,32.83,China,CN
YVR,Vancouver(Intl) BC Canada,Vancouver International Airport,Vancouver,-123.18,49.19,Canada,CA
YWG,Winnipeg (Richardson Intl) MB Canada,Winnipeg James Armstrong Richardson International ,Winnipeg,-97.23,49.9,Canada,CA
YXE,Saskatoon (Diefenbaker Intl) SK Canada,Saskatoon Airport,Saskatoon,-106.69,52.17,Canada,CA
YXU,London ON Canada,Metropolitan Area Airport,London,-81.15,43.03,Canada,CA
YXX,Abbotsford BC Canada,Abbotsford Airport,Abbotsford,-122.36,49.03,United States,US
YYC,Calgary AB Canada,Calgary International Airport,Calgary,-114.01,51.13,Canada,CA
YYT,St. Johns NL Canada,St. Johns International Airport',St. Johns',-52.74,47.61,Canada,CA
YYZ,Toronto(Pearson Intl) ON Canada,Pearson International Airport,Toronto,-79.61,43.68,Canada,CA
ZAG,Zagreb Croatia,Pleso Airport,Zagreb,16.06,45.73,Croatia,HR
ZAH,Zahedan International Iran,Zahedan Airport,Zahedan,60.9,29.48,"Iran, Islamic Republic of",IR
ZAL,Valdivia Chile,Pichoy Airport,Valdivia,-73.24,-39.79,Chile,CL
ZAM,Zamboanga Philippines,Zamboanga Airport,Zamboanga,122.06,6.92,Philippines,PH
ZAT,Zhaotong China,Zhaotong Airport,Zhaotong,103.8,27.32,China,CN
ZAZ,Zaragoza Spain,Zaragoza Airport,Zaragoza,-1.01,41.66,Spain,ES
ZCL,Zacatecas Mexico,La Calera Airport,Zacatecas,-102.55,22.8,Mexico,MX
ZCO,Temuco Chile,Temuco Airport,Temuco,-72.64,-38.77,Chile,CL
ZHA,Zhanjiang China,Zhanjiang Airport,Zhanjiang,110.36,21.21,China,CN
ZHY,Zhongwei China,,Zhongwei ,105.17,37.52,China,CN
ZIG,Ziguinchor Senegal,Ziguinchor Airport,Ziguinchor,-16.28,12.56,Senegal,SN
ZLO,Manzanillo Mexico,Manzanillo Airport,Manzanillo,-104.35,19.11,Mexico,MX
ZNZ,Zanzibar Tanzania,Kisauni Airport,Zanzibar,39.22,-6.22,"Tanzania, United Republic of",TZ
ZOS,Osorno Chile,Canal Balo Airport,Osorno,-73.06,-40.61,Chile,CL
ZRH,Zurich Switzerland,Zurich Airport,Zurich,8.56,47.45,Switzerland,CH
ZUH,Zhuhai China,Zhuhai Airport,Zhuhai,113.37,22.01,China,CN
ZYL,Sylhet Bangladesh,Civil Airport,Sylhet,91.87,24.96,Bangladesh,BD
